date,block_number,token_address,token_name,token_decimals,balance,has_error
2021-01-14,11656283,0xC011a73ee8576Fb46F5E1c5751cA3B9Fe0af2a6F,dai,18,0.0,False
2021-01-15,11662864,0xC011a73ee8576Fb46F5E1c5751cA3B9Fe0af2a6F,dai,18,564357.4414717758,False
2021-01-16,11669372,0xC011a73ee8576Fb46F5E1c5751cA3B9Fe0af2a6F,dai,18,1851589.6824634713,False
2021-01-17,11675866,0xC011a73ee8576Fb46F5E1c5751cA3B9Fe0af2a6F,dai,18,2196659.2253122428,False
2021-01-18,11682362,0xC011a73ee8576Fb46F5E1c5751cA3B9Fe0af2a6F,dai,18,2433405.2009273246,False
2021-01-19,11688895,0xC011a73ee8576Fb46F5E1c5751cA3B9Fe0af2a6F,dai,18,2492680.3761277786,False
2021-01-20,11695473,0xC011a73ee8576Fb46F5E1c5751cA3B9Fe0af2a6F,dai,18,2744427.5030243145,False
2021-01-21,11701951,0xC011a73ee8576Fb46F5E1c5751cA3B9Fe0af2a6F,dai,18,3168174.441965117,False
2021-01-22,11708432,0xC011a73ee8576Fb46F5E1c5751cA3B9Fe0af2a6F,dai,18,3199401.3273491887,False
2021-01-23,11714973,0xC011a73ee8576Fb46F5E1c5751cA3B9Fe0af2a6F,dai,18,3351040.0474325116,False
2021-01-24,11721454,0xC011a73ee8576Fb46F5E1c5751cA3B9Fe0af2a6F,dai,18,3396095.122535705,False
2021-01-25,11727978,0xC011a73ee8576Fb46F5E1c5751cA3B9Fe0af2a6F,dai,18,3481829.686065981,False
2021-01-26,11734492,0xC011a73ee8576Fb46F5E1c5751cA3B9Fe0af2a6F,dai,18,6205611.524152742,False
2021-01-27,11740960,0xC011a73ee8576Fb46F5E1c5751cA3B9Fe0af2a6F,dai,18,6253565.362988445,False
2021-01-28,11747458,0xC011a73ee8576Fb46F5E1c5751cA3B9Fe0af2a6F,dai,18,6287450.129001424,False
2021-01-29,11753911,0xC011a73ee8576Fb46F5E1c5751cA3B9Fe0af2a6F,dai,18,6075442.076952042,False
2021-01-30,11760301,0xC011a73ee8576Fb46F5E1c5751cA3B9Fe0af2a6F,dai,18,6013570.165866199,False
2021-01-31,11766938,0xC011a73ee8576Fb46F5E1c5751cA3B9Fe0af2a6F,dai,18,6032626.7998832585,False
2021-02-01,11773427,0xC011a73ee8576Fb46F5E1c5751cA3B9Fe0af2a6F,dai,18,6093620.372142632,False
2021-02-02,11779921,0xC011a73ee8576Fb46F5E1c5751cA3B9Fe0af2a6F,dai,18,6200188.027724293,False
2021-02-03,11786405,0xC011a73ee8576Fb46F5E1c5751cA3B9Fe0af2a6F,dai,18,6289087.253752551,False
2021-02-04,11792921,0xC011a73ee8576Fb46F5E1c5751cA3B9Fe0af2a6F,dai,18,6394789.596739048,False
2021-02-05,11799368,0xC011a73ee8576Fb46F5E1c5751cA3B9Fe0af2a6F,dai,18,6094132.8240292035,False
2021-02-06,11805887,0xC011a73ee8576Fb46F5E1c5751cA3B9Fe0af2a6F,dai,18,6135668.587139797,False
2021-02-07,11812441,0xC011a73ee8576Fb46F5E1c5751cA3B9Fe0af2a6F,dai,18,6076981.856247334,False
2021-02-08,11818909,0xC011a73ee8576Fb46F5E1c5751cA3B9Fe0af2a6F,dai,18,6291142.799807387,False
2021-02-09,11825394,0xC011a73ee8576Fb46F5E1c5751cA3B9Fe0af2a6F,dai,18,6301381.101653336,False
2021-02-10,11831922,0xC011a73ee8576Fb46F5E1c5751cA3B9Fe0af2a6F,dai,18,6325108.562087146,False
2021-02-11,11838439,0xC011a73ee8576Fb46F5E1c5751cA3B9Fe0af2a6F,dai,18,6411382.621568565,False
2021-02-12,11844963,0xC011a73ee8576Fb46F5E1c5751cA3B9Fe0af2a6F,dai,18,6461026.770082164,False
2021-02-13,11851386,0xC011a73ee8576Fb46F5E1c5751cA3B9Fe0af2a6F,dai,18,6445570.382787837,False
2021-02-14,11857945,0xC011a73ee8576Fb46F5E1c5751cA3B9Fe0af2a6F,dai,18,6470413.954441057,False
2021-02-15,11864441,0xC011a73ee8576Fb46F5E1c5751cA3B9Fe0af2a6F,dai,18,6551044.976163056,False
2021-02-16,11870926,0xC011a73ee8576Fb46F5E1c5751cA3B9Fe0af2a6F,dai,18,6581947.473710625,False
2021-02-17,11877475,0xC011a73ee8576Fb46F5E1c5751cA3B9Fe0af2a6F,dai,18,6625325.105879956,False
2021-02-18,11883922,0xC011a73ee8576Fb46F5E1c5751cA3B9Fe0af2a6F,dai,18,6544826.787643778,False
2021-02-19,11890499,0xC011a73ee8576Fb46F5E1c5751cA3B9Fe0af2a6F,dai,18,6549181.260820389,False
2021-02-20,11896994,0xC011a73ee8576Fb46F5E1c5751cA3B9Fe0af2a6F,dai,18,6571343.319544521,False
2021-02-21,11903479,0xC011a73ee8576Fb46F5E1c5751cA3B9Fe0af2a6F,dai,18,6589614.103227384,False
2021-02-22,11909975,0xC011a73ee8576Fb46F5E1c5751cA3B9Fe0af2a6F,dai,18,6589735.39263343,False
2021-02-23,11916477,0xC011a73ee8576Fb46F5E1c5751cA3B9Fe0af2a6F,dai,18,4075940.0460663536,False
2021-02-24,11922946,0xC011a73ee8576Fb46F5E1c5751cA3B9Fe0af2a6F,dai,18,4136483.87997126,False
2021-02-25,11929461,0xC011a73ee8576Fb46F5E1c5751cA3B9Fe0af2a6F,dai,18,4154637.1223597736,False
2021-02-26,11936003,0xC011a73ee8576Fb46F5E1c5751cA3B9Fe0af2a6F,dai,18,4101064.8262339304,False
2021-02-27,11942492,0xC011a73ee8576Fb46F5E1c5751cA3B9Fe0af2a6F,dai,18,4117804.923671212,False
2021-02-28,11948959,0xC011a73ee8576Fb46F5E1c5751cA3B9Fe0af2a6F,dai,18,4114904.686605628,False
2021-03-01,11955435,0xC011a73ee8576Fb46F5E1c5751cA3B9Fe0af2a6F,dai,18,4127100.430627761,False
2021-03-02,11961985,0xC011a73ee8576Fb46F5E1c5751cA3B9Fe0af2a6F,dai,18,4326084.964772451,False
2021-03-03,11968393,0xC011a73ee8576Fb46F5E1c5751cA3B9Fe0af2a6F,dai,18,4325960.844485625,False
2021-03-04,11974908,0xC011a73ee8576Fb46F5E1c5751cA3B9Fe0af2a6F,dai,18,4379603.569896095,False
2021-03-05,11981433,0xC011a73ee8576Fb46F5E1c5751cA3B9Fe0af2a6F,dai,18,4429364.68905254,False
2021-03-06,11987996,0xC011a73ee8576Fb46F5E1c5751cA3B9Fe0af2a6F,dai,18,4440813.324045208,False
2021-03-07,11994473,0xC011a73ee8576Fb46F5E1c5751cA3B9Fe0af2a6F,dai,18,4445241.151339645,False
2021-03-08,12000973,0xC011a73ee8576Fb46F5E1c5751cA3B9Fe0af2a6F,dai,18,4470971.070189295,False
2021-03-09,12007406,0xC011a73ee8576Fb46F5E1c5751cA3B9Fe0af2a6F,dai,18,4474861.013156869,False
2021-03-10,12013938,0xC011a73ee8576Fb46F5E1c5751cA3B9Fe0af2a6F,dai,18,4487305.667120282,False
2021-03-11,12020353,0xC011a73ee8576Fb46F5E1c5751cA3B9Fe0af2a6F,dai,18,4498550.703039737,False
2021-03-12,12026823,0xC011a73ee8576Fb46F5E1c5751cA3B9Fe0af2a6F,dai,18,4511171.244429059,False
2021-03-13,12033335,0xC011a73ee8576Fb46F5E1c5751cA3B9Fe0af2a6F,dai,18,4516952.812340342,False
2021-03-14,12039857,0xC011a73ee8576Fb46F5E1c5751cA3B9Fe0af2a6F,dai,18,4544226.738896372,False
2021-03-15,12046294,0xC011a73ee8576Fb46F5E1c5751cA3B9Fe0af2a6F,dai,18,4537077.888955746,False
2021-03-16,12052814,0xC011a73ee8576Fb46F5E1c5751cA3B9Fe0af2a6F,dai,18,4554365.168073346,False
2021-03-17,12059298,0xC011a73ee8576Fb46F5E1c5751cA3B9Fe0af2a6F,dai,18,4581973.36750913,False
2021-03-18,12065799,0xC011a73ee8576Fb46F5E1c5751cA3B9Fe0af2a6F,dai,18,4579957.589275591,False
2021-03-19,12072305,0xC011a73ee8576Fb46F5E1c5751cA3B9Fe0af2a6F,dai,18,4617846.738474247,False
2021-03-20,12078832,0xC011a73ee8576Fb46F5E1c5751cA3B9Fe0af2a6F,dai,18,4629776.661040273,False
2021-03-21,12085253,0xC011a73ee8576Fb46F5E1c5751cA3B9Fe0af2a6F,dai,18,4650921.479221729,False
2021-03-22,12091743,0xC011a73ee8576Fb46F5E1c5751cA3B9Fe0af2a6F,dai,18,4594215.412095201,False
2021-03-23,12098248,0xC011a73ee8576Fb46F5E1c5751cA3B9Fe0af2a6F,dai,18,4615255.001595303,False
2021-03-24,12104732,0xC011a73ee8576Fb46F5E1c5751cA3B9Fe0af2a6F,dai,18,4624858.665339313,False
2021-03-25,12111246,0xC011a73ee8576Fb46F5E1c5751cA3B9Fe0af2a6F,dai,18,4634349.992460917,False
2021-03-26,12117785,0xC011a73ee8576Fb46F5E1c5751cA3B9Fe0af2a6F,dai,18,4654733.0853246115,False
2021-03-27,12124270,0xC011a73ee8576Fb46F5E1c5751cA3B9Fe0af2a6F,dai,18,4687582.333046524,False
2021-03-28,12130763,0xC011a73ee8576Fb46F5E1c5751cA3B9Fe0af2a6F,dai,18,4703253.578410099,False
2021-03-29,12137274,0xC011a73ee8576Fb46F5E1c5751cA3B9Fe0af2a6F,dai,18,4711970.033223644,False
2021-03-30,12143792,0xC011a73ee8576Fb46F5E1c5751cA3B9Fe0af2a6F,dai,18,4727003.158234436,False
2021-03-31,12150244,0xC011a73ee8576Fb46F5E1c5751cA3B9Fe0af2a6F,dai,18,4742876.100272172,False
2021-04-01,12156760,0xC011a73ee8576Fb46F5E1c5751cA3B9Fe0af2a6F,dai,18,4777883.930339569,False
2021-04-02,12163214,0xC011a73ee8576Fb46F5E1c5751cA3B9Fe0af2a6F,dai,18,4798868.514855022,False
2021-04-03,12169741,0xC011a73ee8576Fb46F5E1c5751cA3B9Fe0af2a6F,dai,18,4823584.666644805,False
2021-04-04,12176302,0xC011a73ee8576Fb46F5E1c5751cA3B9Fe0af2a6F,dai,18,4838772.247185426,False
2021-04-05,12182812,0xC011a73ee8576Fb46F5E1c5751cA3B9Fe0af2a6F,dai,18,4867334.341310769,False
2021-04-06,12189295,0xC011a73ee8576Fb46F5E1c5751cA3B9Fe0af2a6F,dai,18,4916062.5043496555,False
2021-04-07,12195832,0xC011a73ee8576Fb46F5E1c5751cA3B9Fe0af2a6F,dai,18,4922315.089225807,False
2021-04-08,12202287,0xC011a73ee8576Fb46F5E1c5751cA3B9Fe0af2a6F,dai,18,4949806.637178501,False
2021-04-09,12208744,0xC011a73ee8576Fb46F5E1c5751cA3B9Fe0af2a6F,dai,18,4895547.21624422,False
2021-04-10,12215326,0xC011a73ee8576Fb46F5E1c5751cA3B9Fe0af2a6F,dai,18,4904694.96219778,False
2021-04-11,12221872,0xC011a73ee8576Fb46F5E1c5751cA3B9Fe0af2a6F,dai,18,4928363.396129518,False
2021-04-12,12228388,0xC011a73ee8576Fb46F5E1c5751cA3B9Fe0af2a6F,dai,18,4934292.4323123135,False
2021-04-13,12234862,0xC011a73ee8576Fb46F5E1c5751cA3B9Fe0af2a6F,dai,18,4943141.37940737,False
2021-04-14,12241311,0xC011a73ee8576Fb46F5E1c5751cA3B9Fe0af2a6F,dai,18,4960848.6666460335,False
2021-04-15,12247811,0xC011a73ee8576Fb46F5E1c5751cA3B9Fe0af2a6F,dai,18,5050959.889146089,False
2021-04-16,12254244,0xC011a73ee8576Fb46F5E1c5751cA3B9Fe0af2a6F,dai,18,5063217.613438356,False
2021-04-17,12260711,0xC011a73ee8576Fb46F5E1c5751cA3B9Fe0af2a6F,dai,18,5083223.384892907,False
2021-04-18,12267212,0xC011a73ee8576Fb46F5E1c5751cA3B9Fe0af2a6F,dai,18,5153331.529357528,False
2021-04-19,12273612,0xC011a73ee8576Fb46F5E1c5751cA3B9Fe0af2a6F,dai,18,5146712.891932794,False
2021-04-20,12280192,0xC011a73ee8576Fb46F5E1c5751cA3B9Fe0af2a6F,dai,18,5161357.543775918,False
2021-04-21,12286711,0xC011a73ee8576Fb46F5E1c5751cA3B9Fe0af2a6F,dai,18,5189324.487614105,False
2021-04-22,12293128,0xC011a73ee8576Fb46F5E1c5751cA3B9Fe0af2a6F,dai,18,5210697.157960465,False
2021-04-23,12299578,0xC011a73ee8576Fb46F5E1c5751cA3B9Fe0af2a6F,dai,18,5241895.323442607,False
2021-04-24,12306078,0xC011a73ee8576Fb46F5E1c5751cA3B9Fe0af2a6F,dai,18,5290560.055194637,False
2021-04-25,12312587,0xC011a73ee8576Fb46F5E1c5751cA3B9Fe0af2a6F,dai,18,5338358.103083558,False
2021-04-26,12319058,0xC011a73ee8576Fb46F5E1c5751cA3B9Fe0af2a6F,dai,18,5409338.674414308,False
2021-04-27,12325546,0xC011a73ee8576Fb46F5E1c5751cA3B9Fe0af2a6F,dai,18,5432773.971768645,False
2021-04-28,12332009,0xC011a73ee8576Fb46F5E1c5751cA3B9Fe0af2a6F,dai,18,5438127.442337822,False
2021-04-29,12338493,0xC011a73ee8576Fb46F5E1c5751cA3B9Fe0af2a6F,dai,18,5488838.154082454,False
2021-04-30,12344944,0xC011a73ee8576Fb46F5E1c5751cA3B9Fe0af2a6F,dai,18,5490747.832545354,False
2021-05-01,12351433,0xC011a73ee8576Fb46F5E1c5751cA3B9Fe0af2a6F,dai,18,5509545.245989506,False
2021-05-02,12357851,0xC011a73ee8576Fb46F5E1c5751cA3B9Fe0af2a6F,dai,18,5526330.895118446,False
2021-05-03,12364358,0xC011a73ee8576Fb46F5E1c5751cA3B9Fe0af2a6F,dai,18,5435225.961878571,False
2021-05-04,12370862,0xC011a73ee8576Fb46F5E1c5751cA3B9Fe0af2a6F,dai,18,5450595.838073912,False
2021-05-05,12377380,0xC011a73ee8576Fb46F5E1c5751cA3B9Fe0af2a6F,dai,18,5466644.600710022,False
2021-05-06,12383846,0xC011a73ee8576Fb46F5E1c5751cA3B9Fe0af2a6F,dai,18,5486359.056146907,False
2021-05-07,12390293,0xC011a73ee8576Fb46F5E1c5751cA3B9Fe0af2a6F,dai,18,5520310.921614848,False
2021-05-08,12396779,0xC011a73ee8576Fb46F5E1c5751cA3B9Fe0af2a6F,dai,18,5523296.768927885,False
2021-05-09,12403257,0xC011a73ee8576Fb46F5E1c5751cA3B9Fe0af2a6F,dai,18,5523928.509587276,False
2021-05-10,12409774,0xC011a73ee8576Fb46F5E1c5751cA3B9Fe0af2a6F,dai,18,5390673.983819022,False
2021-05-11,12416221,0xC011a73ee8576Fb46F5E1c5751cA3B9Fe0af2a6F,dai,18,0.0,False
2021-05-12,12422660,0xC011a73ee8576Fb46F5E1c5751cA3B9Fe0af2a6F,dai,18,0.0,False
2021-05-13,12429198,0xC011a73ee8576Fb46F5E1c5751cA3B9Fe0af2a6F,dai,18,0.0,False
2021-05-14,12435675,0xC011a73ee8576Fb46F5E1c5751cA3B9Fe0af2a6F,dai,18,0.0,False
2021-05-15,12442149,0xC011a73ee8576Fb46F5E1c5751cA3B9Fe0af2a6F,dai,18,0.0,False
2021-05-16,12448607,0xC011a73ee8576Fb46F5E1c5751cA3B9Fe0af2a6F,dai,18,0.0,False
2021-05-17,12455026,0xC011a73ee8576Fb46F5E1c5751cA3B9Fe0af2a6F,dai,18,0.0,False
2021-05-18,12461489,0xC011a73ee8576Fb46F5E1c5751cA3B9Fe0af2a6F,dai,18,0.0,False
2021-05-19,12467912,0xC011a73ee8576Fb46F5E1c5751cA3B9Fe0af2a6F,dai,18,0.0,False
2021-05-20,12474375,0xC011a73ee8576Fb46F5E1c5751cA3B9Fe0af2a6F,dai,18,0.0,False
2021-05-21,12480785,0xC011a73ee8576Fb46F5E1c5751cA3B9Fe0af2a6F,dai,18,0.0,False
2021-05-22,12487247,0xC011a73ee8576Fb46F5E1c5751cA3B9Fe0af2a6F,dai,18,0.0,False
2021-05-23,12493701,0xC011a73ee8576Fb46F5E1c5751cA3B9Fe0af2a6F,dai,18,0.0,False
2021-05-24,12500188,0xC011a73ee8576Fb46F5E1c5751cA3B9Fe0af2a6F,dai,18,0.0,False
2021-05-25,12506592,0xC011a73ee8576Fb46F5E1c5751cA3B9Fe0af2a6F,dai,18,0.0,False
2021-05-26,12513023,0xC011a73ee8576Fb46F5E1c5751cA3B9Fe0af2a6F,dai,18,0.0,False
2021-05-27,12519448,0xC011a73ee8576Fb46F5E1c5751cA3B9Fe0af2a6F,dai,18,0.0,False
2021-05-28,12525911,0xC011a73ee8576Fb46F5E1c5751cA3B9Fe0af2a6F,dai,18,0.0,False
2021-05-29,12532378,0xC011a73ee8576Fb46F5E1c5751cA3B9Fe0af2a6F,dai,18,0.0,False
2021-05-30,12538795,0xC011a73ee8576Fb46F5E1c5751cA3B9Fe0af2a6F,dai,18,0.0,False
2021-05-31,12545218,0xC011a73ee8576Fb46F5E1c5751cA3B9Fe0af2a6F,dai,18,0.0,False
2021-06-01,12551696,0xC011a73ee8576Fb46F5E1c5751cA3B9Fe0af2a6F,dai,18,0.0,False
2021-06-02,12558202,0xC011a73ee8576Fb46F5E1c5751cA3B9Fe0af2a6F,dai,18,0.0,False
2021-06-03,12564606,0xC011a73ee8576Fb46F5E1c5751cA3B9Fe0af2a6F,dai,18,0.0,False
2021-06-04,12571125,0xC011a73ee8576Fb46F5E1c5751cA3B9Fe0af2a6F,dai,18,0.0,False
2021-06-05,12577559,0xC011a73ee8576Fb46F5E1c5751cA3B9Fe0af2a6F,dai,18,0.0,False
2021-06-06,12584091,0xC011a73ee8576Fb46F5E1c5751cA3B9Fe0af2a6F,dai,18,0.0,False
2021-06-07,12590522,0xC011a73ee8576Fb46F5E1c5751cA3B9Fe0af2a6F,dai,18,0.0,False
2021-06-08,12596997,0xC011a73ee8576Fb46F5E1c5751cA3B9Fe0af2a6F,dai,18,0.0,False
2021-06-09,12603434,0xC011a73ee8576Fb46F5E1c5751cA3B9Fe0af2a6F,dai,18,0.0,False
2021-06-10,12609896,0xC011a73ee8576Fb46F5E1c5751cA3B9Fe0af2a6F,dai,18,0.0,False
2021-06-11,12616350,0xC011a73ee8576Fb46F5E1c5751cA3B9Fe0af2a6F,dai,18,0.0,False
2021-06-12,12622784,0xC011a73ee8576Fb46F5E1c5751cA3B9Fe0af2a6F,dai,18,0.0,False
2021-06-13,12629257,0xC011a73ee8576Fb46F5E1c5751cA3B9Fe0af2a6F,dai,18,0.0,False
2021-06-14,12635688,0xC011a73ee8576Fb46F5E1c5751cA3B9Fe0af2a6F,dai,18,0.0,False
2021-06-15,12642193,0xC011a73ee8576Fb46F5E1c5751cA3B9Fe0af2a6F,dai,18,0.0,False
2021-06-16,12648592,0xC011a73ee8576Fb46F5E1c5751cA3B9Fe0af2a6F,dai,18,0.0,False
2021-06-17,12655064,0xC011a73ee8576Fb46F5E1c5751cA3B9Fe0af2a6F,dai,18,0.0,False
2021-06-18,12661469,0xC011a73ee8576Fb46F5E1c5751cA3B9Fe0af2a6F,dai,18,0.0,False
2021-06-19,12667895,0xC011a73ee8576Fb46F5E1c5751cA3B9Fe0af2a6F,dai,18,0.0,False
2021-06-20,12674364,0xC011a73ee8576Fb46F5E1c5751cA3B9Fe0af2a6F,dai,18,0.0,False
2021-06-21,12680680,0xC011a73ee8576Fb46F5E1c5751cA3B9Fe0af2a6F,dai,18,0.0,False
2021-06-22,12687117,0xC011a73ee8576Fb46F5E1c5751cA3B9Fe0af2a6F,dai,18,0.0,False
2021-06-23,12693546,0xC011a73ee8576Fb46F5E1c5751cA3B9Fe0af2a6F,dai,18,0.0,False
2021-06-24,12699964,0xC011a73ee8576Fb46F5E1c5751cA3B9Fe0af2a6F,dai,18,0.0,False
2021-06-25,12706306,0xC011a73ee8576Fb46F5E1c5751cA3B9Fe0af2a6F,dai,18,0.0,False
2021-06-26,12712733,0xC011a73ee8576Fb46F5E1c5751cA3B9Fe0af2a6F,dai,18,0.0,False
2021-06-27,12719181,0xC011a73ee8576Fb46F5E1c5751cA3B9Fe0af2a6F,dai,18,0.0,False
2021-06-28,12725647,0xC011a73ee8576Fb46F5E1c5751cA3B9Fe0af2a6F,dai,18,0.0,False
2021-06-29,12732053,0xC011a73ee8576Fb46F5E1c5751cA3B9Fe0af2a6F,dai,18,0.0,False
2021-06-30,12738508,0xC011a73ee8576Fb46F5E1c5751cA3B9Fe0af2a6F,dai,18,0.0,False
2021-07-01,12744858,0xC011a73ee8576Fb46F5E1c5751cA3B9Fe0af2a6F,dai,18,0.0,False
2021-07-02,12751295,0xC011a73ee8576Fb46F5E1c5751cA3B9Fe0af2a6F,dai,18,0.0,False
2021-07-03,12757712,0xC011a73ee8576Fb46F5E1c5751cA3B9Fe0af2a6F,dai,18,0.0,False
2021-07-04,12764170,0xC011a73ee8576Fb46F5E1c5751cA3B9Fe0af2a6F,dai,18,0.0,False
2021-07-05,12770589,0xC011a73ee8576Fb46F5E1c5751cA3B9Fe0af2a6F,dai,18,0.0,False
2021-07-06,12777014,0xC011a73ee8576Fb46F5E1c5751cA3B9Fe0af2a6F,dai,18,0.0,False
2021-07-07,12783404,0xC011a73ee8576Fb46F5E1c5751cA3B9Fe0af2a6F,dai,18,0.0,False
2021-07-08,12789854,0xC011a73ee8576Fb46F5E1c5751cA3B9Fe0af2a6F,dai,18,0.0,False
2021-07-09,12796260,0xC011a73ee8576Fb46F5E1c5751cA3B9Fe0af2a6F,dai,18,0.0,False
2021-07-10,12802707,0xC011a73ee8576Fb46F5E1c5751cA3B9Fe0af2a6F,dai,18,0.0,False
2021-07-11,12809130,0xC011a73ee8576Fb46F5E1c5751cA3B9Fe0af2a6F,dai,18,0.0,False
2021-07-12,12815507,0xC011a73ee8576Fb46F5E1c5751cA3B9Fe0af2a6F,dai,18,0.0,False
2021-07-13,12821814,0xC011a73ee8576Fb46F5E1c5751cA3B9Fe0af2a6F,dai,18,0.0,False
2021-07-14,12828204,0xC011a73ee8576Fb46F5E1c5751cA3B9Fe0af2a6F,dai,18,0.0,False
2021-07-15,12834631,0xC011a73ee8576Fb46F5E1c5751cA3B9Fe0af2a6F,dai,18,0.0,False
2021-07-16,12840970,0xC011a73ee8576Fb46F5E1c5751cA3B9Fe0af2a6F,dai,18,0.0,False
2021-07-17,12847327,0xC011a73ee8576Fb46F5E1c5751cA3B9Fe0af2a6F,dai,18,0.0,False
2021-07-18,12853698,0xC011a73ee8576Fb46F5E1c5751cA3B9Fe0af2a6F,dai,18,0.0,False
2021-07-19,12860133,0xC011a73ee8576Fb46F5E1c5751cA3B9Fe0af2a6F,dai,18,0.0,False
2021-07-20,12866472,0xC011a73ee8576Fb46F5E1c5751cA3B9Fe0af2a6F,dai,18,0.0,False
2021-07-21,12872886,0xC011a73ee8576Fb46F5E1c5751cA3B9Fe0af2a6F,dai,18,0.0,False
2021-07-22,12879308,0xC011a73ee8576Fb46F5E1c5751cA3B9Fe0af2a6F,dai,18,0.0,False
2021-07-23,12885654,0xC011a73ee8576Fb46F5E1c5751cA3B9Fe0af2a6F,dai,18,0.0,False
2021-07-24,12892111,0xC011a73ee8576Fb46F5E1c5751cA3B9Fe0af2a6F,dai,18,0.0,False
2021-07-25,12898512,0xC011a73ee8576Fb46F5E1c5751cA3B9Fe0af2a6F,dai,18,0.0,False
2021-07-26,12904850,0xC011a73ee8576Fb46F5E1c5751cA3B9Fe0af2a6F,dai,18,0.0,False
2021-07-27,12911127,0xC011a73ee8576Fb46F5E1c5751cA3B9Fe0af2a6F,dai,18,0.0,False
2021-07-28,12917418,0xC011a73ee8576Fb46F5E1c5751cA3B9Fe0af2a6F,dai,18,0.0,False
2021-07-29,12923774,0xC011a73ee8576Fb46F5E1c5751cA3B9Fe0af2a6F,dai,18,0.0,False
2021-07-30,12930041,0xC011a73ee8576Fb46F5E1c5751cA3B9Fe0af2a6F,dai,18,0.0,False
2021-07-31,12936339,0xC011a73ee8576Fb46F5E1c5751cA3B9Fe0af2a6F,dai,18,0.0,False
2021-08-01,12942653,0xC011a73ee8576Fb46F5E1c5751cA3B9Fe0af2a6F,dai,18,0.0,False
2021-08-02,12949049,0xC011a73ee8576Fb46F5E1c5751cA3B9Fe0af2a6F,dai,18,0.0,False
2021-08-03,12955395,0xC011a73ee8576Fb46F5E1c5751cA3B9Fe0af2a6F,dai,18,0.0,False
2021-08-04,12961717,0xC011a73ee8576Fb46F5E1c5751cA3B9Fe0af2a6F,dai,18,0.0,False
2021-08-05,12968066,0xC011a73ee8576Fb46F5E1c5751cA3B9Fe0af2a6F,dai,18,0.0,False
2021-08-06,12974517,0xC011a73ee8576Fb46F5E1c5751cA3B9Fe0af2a6F,dai,18,0.0,False
2021-08-07,12981066,0xC011a73ee8576Fb46F5E1c5751cA3B9Fe0af2a6F,dai,18,0.0,False
2021-08-08,12987562,0xC011a73ee8576Fb46F5E1c5751cA3B9Fe0af2a6F,dai,18,0.0,False
2021-08-09,12994067,0xC011a73ee8576Fb46F5E1c5751cA3B9Fe0af2a6F,dai,18,0.0,False
2021-08-10,13000574,0xC011a73ee8576Fb46F5E1c5751cA3B9Fe0af2a6F,dai,18,0.0,False
2021-08-11,13006975,0xC011a73ee8576Fb46F5E1c5751cA3B9Fe0af2a6F,dai,18,0.0,False
2021-08-12,13013485,0xC011a73ee8576Fb46F5E1c5751cA3B9Fe0af2a6F,dai,18,0.0,False
2021-08-13,13019959,0xC011a73ee8576Fb46F5E1c5751cA3B9Fe0af2a6F,dai,18,0.0,False
2021-08-14,13026459,0xC011a73ee8576Fb46F5E1c5751cA3B9Fe0af2a6F,dai,18,0.0,False
2021-08-15,13032879,0xC011a73ee8576Fb46F5E1c5751cA3B9Fe0af2a6F,dai,18,0.0,False
2021-08-16,13039379,0xC011a73ee8576Fb46F5E1c5751cA3B9Fe0af2a6F,dai,18,0.0,False
2021-08-17,13045895,0xC011a73ee8576Fb46F5E1c5751cA3B9Fe0af2a6F,dai,18,0.0,False
2021-08-18,13052294,0xC011a73ee8576Fb46F5E1c5751cA3B9Fe0af2a6F,dai,18,0.0,False
2021-08-19,13058859,0xC011a73ee8576Fb46F5E1c5751cA3B9Fe0af2a6F,dai,18,0.0,False
2021-08-20,13065318,0xC011a73ee8576Fb46F5E1c5751cA3B9Fe0af2a6F,dai,18,0.0,False
2021-08-21,13071749,0xC011a73ee8576Fb46F5E1c5751cA3B9Fe0af2a6F,dai,18,0.0,False
2021-08-22,13078270,0xC011a73ee8576Fb46F5E1c5751cA3B9Fe0af2a6F,dai,18,0.0,False
2021-08-23,13084679,0xC011a73ee8576Fb46F5E1c5751cA3B9Fe0af2a6F,dai,18,0.0,False
2021-08-24,13091188,0xC011a73ee8576Fb46F5E1c5751cA3B9Fe0af2a6F,dai,18,0.0,False
2021-08-25,13097627,0xC011a73ee8576Fb46F5E1c5751cA3B9Fe0af2a6F,dai,18,0.0,False
2021-08-26,13104131,0xC011a73ee8576Fb46F5E1c5751cA3B9Fe0af2a6F,dai,18,0.0,False
2021-08-27,13110562,0xC011a73ee8576Fb46F5E1c5751cA3B9Fe0af2a6F,dai,18,0.0,False
2021-08-28,13117022,0xC011a73ee8576Fb46F5E1c5751cA3B9Fe0af2a6F,dai,18,0.0,False
2021-08-29,13123511,0xC011a73ee8576Fb46F5E1c5751cA3B9Fe0af2a6F,dai,18,0.0,False
2021-08-30,13129983,0xC011a73ee8576Fb46F5E1c5751cA3B9Fe0af2a6F,dai,18,0.0,False
2021-08-31,13136426,0xC011a73ee8576Fb46F5E1c5751cA3B9Fe0af2a6F,dai,18,0.0,False
2021-09-01,13142881,0xC011a73ee8576Fb46F5E1c5751cA3B9Fe0af2a6F,dai,18,0.0,False
2021-09-02,13149422,0xC011a73ee8576Fb46F5E1c5751cA3B9Fe0af2a6F,dai,18,0.0,False
2021-09-03,13155888,0xC011a73ee8576Fb46F5E1c5751cA3B9Fe0af2a6F,dai,18,0.0,False
2021-09-04,13162317,0xC011a73ee8576Fb46F5E1c5751cA3B9Fe0af2a6F,dai,18,0.0,False
2021-09-05,13168846,0xC011a73ee8576Fb46F5E1c5751cA3B9Fe0af2a6F,dai,18,0.0,False
2021-09-06,13175305,0xC011a73ee8576Fb46F5E1c5751cA3B9Fe0af2a6F,dai,18,0.0,False
2021-09-07,13181722,0xC011a73ee8576Fb46F5E1c5751cA3B9Fe0af2a6F,dai,18,0.0,False
2021-09-08,13188217,0xC011a73ee8576Fb46F5E1c5751cA3B9Fe0af2a6F,dai,18,0.0,False
2021-09-09,13194683,0xC011a73ee8576Fb46F5E1c5751cA3B9Fe0af2a6F,dai,18,0.0,False
2021-09-10,13201142,0xC011a73ee8576Fb46F5E1c5751cA3B9Fe0af2a6F,dai,18,0.0,False
2021-09-11,13207538,0xC011a73ee8576Fb46F5E1c5751cA3B9Fe0af2a6F,dai,18,0.0,False
2021-09-12,13214076,0xC011a73ee8576Fb46F5E1c5751cA3B9Fe0af2a6F,dai,18,0.0,False
2021-09-13,13220488,0xC011a73ee8576Fb46F5E1c5751cA3B9Fe0af2a6F,dai,18,0.0,False
2021-09-14,13226949,0xC011a73ee8576Fb46F5E1c5751cA3B9Fe0af2a6F,dai,18,0.0,False
2021-09-15,13233403,0xC011a73ee8576Fb46F5E1c5751cA3B9Fe0af2a6F,dai,18,0.0,False
2021-09-16,13239895,0xC011a73ee8576Fb46F5E1c5751cA3B9Fe0af2a6F,dai,18,0.0,False
2021-09-17,13246362,0xC011a73ee8576Fb46F5E1c5751cA3B9Fe0af2a6F,dai,18,0.0,False
2021-09-18,13252813,0xC011a73ee8576Fb46F5E1c5751cA3B9Fe0af2a6F,dai,18,0.0,False
2021-09-19,13259321,0xC011a73ee8576Fb46F5E1c5751cA3B9Fe0af2a6F,dai,18,0.0,False
2021-09-20,13265753,0xC011a73ee8576Fb46F5E1c5751cA3B9Fe0af2a6F,dai,18,0.0,False
2021-09-21,13272249,0xC011a73ee8576Fb46F5E1c5751cA3B9Fe0af2a6F,dai,18,0.0,False
2021-09-22,13278686,0xC011a73ee8576Fb46F5E1c5751cA3B9Fe0af2a6F,dai,18,0.0,False
2021-09-23,13285097,0xC011a73ee8576Fb46F5E1c5751cA3B9Fe0af2a6F,dai,18,0.0,False
2021-09-24,13291552,0xC011a73ee8576Fb46F5E1c5751cA3B9Fe0af2a6F,dai,18,0.0,False
2021-09-25,13298125,0xC011a73ee8576Fb46F5E1c5751cA3B9Fe0af2a6F,dai,18,0.0,False
2021-09-26,13304527,0xC011a73ee8576Fb46F5E1c5751cA3B9Fe0af2a6F,dai,18,0.0,False
2021-09-27,13310981,0xC011a73ee8576Fb46F5E1c5751cA3B9Fe0af2a6F,dai,18,0.0,False
2021-09-28,13317339,0xC011a73ee8576Fb46F5E1c5751cA3B9Fe0af2a6F,dai,18,0.0,False
2021-09-29,13323751,0xC011a73ee8576Fb46F5E1c5751cA3B9Fe0af2a6F,dai,18,0.0,False
2021-09-30,13330089,0xC011a73ee8576Fb46F5E1c5751cA3B9Fe0af2a6F,dai,18,0.0,False
2021-10-01,13336574,0xC011a73ee8576Fb46F5E1c5751cA3B9Fe0af2a6F,dai,18,0.0,False
2021-10-02,13342962,0xC011a73ee8576Fb46F5E1c5751cA3B9Fe0af2a6F,dai,18,0.0,False
2021-10-03,13349325,0xC011a73ee8576Fb46F5E1c5751cA3B9Fe0af2a6F,dai,18,0.0,False
2021-10-04,13355691,0xC011a73ee8576Fb46F5E1c5751cA3B9Fe0af2a6F,dai,18,0.0,False
2021-10-05,13362102,0xC011a73ee8576Fb46F5E1c5751cA3B9Fe0af2a6F,dai,18,0.0,False
2021-10-06,13368529,0xC011a73ee8576Fb46F5E1c5751cA3B9Fe0af2a6F,dai,18,0.0,False
2021-10-07,13374853,0xC011a73ee8576Fb46F5E1c5751cA3B9Fe0af2a6F,dai,18,0.0,False
2021-10-08,13381270,0xC011a73ee8576Fb46F5E1c5751cA3B9Fe0af2a6F,dai,18,0.0,False
2021-10-09,13387619,0xC011a73ee8576Fb46F5E1c5751cA3B9Fe0af2a6F,dai,18,0.0,False
2021-10-10,13393994,0xC011a73ee8576Fb46F5E1c5751cA3B9Fe0af2a6F,dai,18,0.0,False
2021-10-11,13400376,0xC011a73ee8576Fb46F5E1c5751cA3B9Fe0af2a6F,dai,18,0.0,False
2021-10-12,13406729,0xC011a73ee8576Fb46F5E1c5751cA3B9Fe0af2a6F,dai,18,0.0,False
2021-10-13,13413049,0xC011a73ee8576Fb46F5E1c5751cA3B9Fe0af2a6F,dai,18,0.0,False
2021-10-14,13419379,0xC011a73ee8576Fb46F5E1c5751cA3B9Fe0af2a6F,dai,18,0.0,False
2021-10-15,13425697,0xC011a73ee8576Fb46F5E1c5751cA3B9Fe0af2a6F,dai,18,0.0,False
2021-10-16,13432143,0xC011a73ee8576Fb46F5E1c5751cA3B9Fe0af2a6F,dai,18,0.0,False
2021-10-17,13438528,0xC011a73ee8576Fb46F5E1c5751cA3B9Fe0af2a6F,dai,18,0.0,False
2021-10-18,13444844,0xC011a73ee8576Fb46F5E1c5751cA3B9Fe0af2a6F,dai,18,0.0,False
2021-10-19,13451284,0xC011a73ee8576Fb46F5E1c5751cA3B9Fe0af2a6F,dai,18,0.0,False
2021-10-20,13457638,0xC011a73ee8576Fb46F5E1c5751cA3B9Fe0af2a6F,dai,18,0.0,False
2021-10-21,13464125,0xC011a73ee8576Fb46F5E1c5751cA3B9Fe0af2a6F,dai,18,0.0,False
2021-10-22,13470536,0xC011a73ee8576Fb46F5E1c5751cA3B9Fe0af2a6F,dai,18,0.0,False
2021-10-23,13476884,0xC011a73ee8576Fb46F5E1c5751cA3B9Fe0af2a6F,dai,18,0.0,False
2021-10-24,13483243,0xC011a73ee8576Fb46F5E1c5751cA3B9Fe0af2a6F,dai,18,0.0,False
2021-10-25,13489661,0xC011a73ee8576Fb46F5E1c5751cA3B9Fe0af2a6F,dai,18,0.0,False
2021-10-26,13496075,0xC011a73ee8576Fb46F5E1c5751cA3B9Fe0af2a6F,dai,18,0.0,False
2021-10-27,13502420,0xC011a73ee8576Fb46F5E1c5751cA3B9Fe0af2a6F,dai,18,0.0,False
2021-10-28,13508828,0xC011a73ee8576Fb46F5E1c5751cA3B9Fe0af2a6F,dai,18,0.0,False
2021-10-29,13515196,0xC011a73ee8576Fb46F5E1c5751cA3B9Fe0af2a6F,dai,18,0.0,False
2021-10-30,13521541,0xC011a73ee8576Fb46F5E1c5751cA3B9Fe0af2a6F,dai,18,0.0,False
2021-10-31,13527858,0xC011a73ee8576Fb46F5E1c5751cA3B9Fe0af2a6F,dai,18,0.0,False
2021-11-01,13534281,0xC011a73ee8576Fb46F5E1c5751cA3B9Fe0af2a6F,dai,18,0.0,False
2021-11-02,13540589,0xC011a73ee8576Fb46F5E1c5751cA3B9Fe0af2a6F,dai,18,0.0,False
2021-11-03,13546974,0xC011a73ee8576Fb46F5E1c5751cA3B9Fe0af2a6F,dai,18,0.0,False
2021-11-04,13553256,0xC011a73ee8576Fb46F5E1c5751cA3B9Fe0af2a6F,dai,18,0.0,False
2021-11-05,13559702,0xC011a73ee8576Fb46F5E1c5751cA3B9Fe0af2a6F,dai,18,0.0,False
2021-11-06,13566041,0xC011a73ee8576Fb46F5E1c5751cA3B9Fe0af2a6F,dai,18,0.0,False
2021-11-07,13572493,0xC011a73ee8576Fb46F5E1c5751cA3B9Fe0af2a6F,dai,18,0.0,False
2021-11-08,13578839,0xC011a73ee8576Fb46F5E1c5751cA3B9Fe0af2a6F,dai,18,0.0,False
2021-11-09,13585211,0xC011a73ee8576Fb46F5E1c5751cA3B9Fe0af2a6F,dai,18,0.0,False
2021-11-10,13591593,0xC011a73ee8576Fb46F5E1c5751cA3B9Fe0af2a6F,dai,18,0.0,False
2021-11-11,13597966,0xC011a73ee8576Fb46F5E1c5751cA3B9Fe0af2a6F,dai,18,0.0,False
2021-11-12,13604387,0xC011a73ee8576Fb46F5E1c5751cA3B9Fe0af2a6F,dai,18,0.0,False
2021-11-13,13610713,0xC011a73ee8576Fb46F5E1c5751cA3B9Fe0af2a6F,dai,18,0.0,False
2021-11-14,13617058,0xC011a73ee8576Fb46F5E1c5751cA3B9Fe0af2a6F,dai,18,0.0,False
2021-11-15,13623377,0xC011a73ee8576Fb46F5E1c5751cA3B9Fe0af2a6F,dai,18,0.0,False
2021-11-16,13629631,0xC011a73ee8576Fb46F5E1c5751cA3B9Fe0af2a6F,dai,18,0.0,False
2021-11-17,13636021,0xC011a73ee8576Fb46F5E1c5751cA3B9Fe0af2a6F,dai,18,0.0,False
2021-11-18,13642393,0xC011a73ee8576Fb46F5E1c5751cA3B9Fe0af2a6F,dai,18,0.0,False
2021-11-19,13648625,0xC011a73ee8576Fb46F5E1c5751cA3B9Fe0af2a6F,dai,18,0.0,False
2021-11-20,13654920,0xC011a73ee8576Fb46F5E1c5751cA3B9Fe0af2a6F,dai,18,0.0,False
2021-11-21,13661207,0xC011a73ee8576Fb46F5E1c5751cA3B9Fe0af2a6F,dai,18,0.0,False
2021-11-22,13667574,0xC011a73ee8576Fb46F5E1c5751cA3B9Fe0af2a6F,dai,18,0.0,False
2021-11-23,13673913,0xC011a73ee8576Fb46F5E1c5751cA3B9Fe0af2a6F,dai,18,0.0,False
2021-11-24,13680217,0xC011a73ee8576Fb46F5E1c5751cA3B9Fe0af2a6F,dai,18,0.0,False
2021-11-25,13686520,0xC011a73ee8576Fb46F5E1c5751cA3B9Fe0af2a6F,dai,18,0.0,False
2021-11-26,13692738,0xC011a73ee8576Fb46F5E1c5751cA3B9Fe0af2a6F,dai,18,0.0,False
2021-11-27,13699124,0xC011a73ee8576Fb46F5E1c5751cA3B9Fe0af2a6F,dai,18,0.0,False
2021-11-28,13705380,0xC011a73ee8576Fb46F5E1c5751cA3B9Fe0af2a6F,dai,18,0.0,False
2021-11-29,13711587,0xC011a73ee8576Fb46F5E1c5751cA3B9Fe0af2a6F,dai,18,0.0,False
2021-11-30,13717846,0xC011a73ee8576Fb46F5E1c5751cA3B9Fe0af2a6F,dai,18,0.0,False
2021-12-01,13724083,0xC011a73ee8576Fb46F5E1c5751cA3B9Fe0af2a6F,dai,18,0.0,False
2021-12-02,13730329,0xC011a73ee8576Fb46F5E1c5751cA3B9Fe0af2a6F,dai,18,0.0,False
2021-12-03,13736623,0xC011a73ee8576Fb46F5E1c5751cA3B9Fe0af2a6F,dai,18,0.0,False
2021-12-04,13742800,0xC011a73ee8576Fb46F5E1c5751cA3B9Fe0af2a6F,dai,18,0.0,False
2021-12-05,13749028,0xC011a73ee8576Fb46F5E1c5751cA3B9Fe0af2a6F,dai,18,0.0,False
2021-12-06,13755301,0xC011a73ee8576Fb46F5E1c5751cA3B9Fe0af2a6F,dai,18,0.0,False
2021-12-07,13761567,0xC011a73ee8576Fb46F5E1c5751cA3B9Fe0af2a6F,dai,18,0.0,False
2021-12-08,13767792,0xC011a73ee8576Fb46F5E1c5751cA3B9Fe0af2a6F,dai,18,0.0,False
2021-12-09,13774074,0xC011a73ee8576Fb46F5E1c5751cA3B9Fe0af2a6F,dai,18,0.0,False
2021-12-10,13780501,0xC011a73ee8576Fb46F5E1c5751cA3B9Fe0af2a6F,dai,18,0.0,False
2021-12-11,13786989,0xC011a73ee8576Fb46F5E1c5751cA3B9Fe0af2a6F,dai,18,0.0,False
2021-12-12,13793512,0xC011a73ee8576Fb46F5E1c5751cA3B9Fe0af2a6F,dai,18,0.0,False
2021-12-13,13799998,0xC011a73ee8576Fb46F5E1c5751cA3B9Fe0af2a6F,dai,18,0.0,False
2021-12-14,13806389,0xC011a73ee8576Fb46F5E1c5751cA3B9Fe0af2a6F,dai,18,0.0,False
2021-12-15,13812867,0xC011a73ee8576Fb46F5E1c5751cA3B9Fe0af2a6F,dai,18,0.0,False
2021-12-16,13819264,0xC011a73ee8576Fb46F5E1c5751cA3B9Fe0af2a6F,dai,18,0.0,False
2021-12-17,13825732,0xC011a73ee8576Fb46F5E1c5751cA3B9Fe0af2a6F,dai,18,0.0,False
2021-12-18,13832240,0xC011a73ee8576Fb46F5E1c5751cA3B9Fe0af2a6F,dai,18,0.0,False
2021-12-19,13838693,0xC011a73ee8576Fb46F5E1c5751cA3B9Fe0af2a6F,dai,18,0.0,False
2021-12-20,13845238,0xC011a73ee8576Fb46F5E1c5751cA3B9Fe0af2a6F,dai,18,0.0,False
2021-12-21,13851680,0xC011a73ee8576Fb46F5E1c5751cA3B9Fe0af2a6F,dai,18,0.0,False
2021-12-22,13858106,0xC011a73ee8576Fb46F5E1c5751cA3B9Fe0af2a6F,dai,18,0.0,False
2021-12-23,13864521,0xC011a73ee8576Fb46F5E1c5751cA3B9Fe0af2a6F,dai,18,0.0,False
2021-12-24,13870989,0xC011a73ee8576Fb46F5E1c5751cA3B9Fe0af2a6F,dai,18,0.0,False
2021-12-25,13877449,0xC011a73ee8576Fb46F5E1c5751cA3B9Fe0af2a6F,dai,18,0.0,False
2021-12-26,13883916,0xC011a73ee8576Fb46F5E1c5751cA3B9Fe0af2a6F,dai,18,0.0,False
2021-12-27,13890393,0xC011a73ee8576Fb46F5E1c5751cA3B9Fe0af2a6F,dai,18,0.0,False
2021-12-28,13896835,0xC011a73ee8576Fb46F5E1c5751cA3B9Fe0af2a6F,dai,18,0.0,False
2021-12-29,13903354,0xC011a73ee8576Fb46F5E1c5751cA3B9Fe0af2a6F,dai,18,0.0,False
2021-12-30,13909786,0xC011a73ee8576Fb46F5E1c5751cA3B9Fe0af2a6F,dai,18,0.0,False
2021-12-31,13916165,0xC011a73ee8576Fb46F5E1c5751cA3B9Fe0af2a6F,dai,18,0.0,False
2022-01-01,13922671,0xC011a73ee8576Fb46F5E1c5751cA3B9Fe0af2a6F,dai,18,0.0,False
2022-01-02,13929166,0xC011a73ee8576Fb46F5E1c5751cA3B9Fe0af2a6F,dai,18,0.0,False
2022-01-03,13935627,0xC011a73ee8576Fb46F5E1c5751cA3B9Fe0af2a6F,dai,18,0.0,False
2022-01-04,13942121,0xC011a73ee8576Fb46F5E1c5751cA3B9Fe0af2a6F,dai,18,0.0,False
2022-01-05,13948581,0xC011a73ee8576Fb46F5E1c5751cA3B9Fe0af2a6F,dai,18,0.0,False
2022-01-06,13954973,0xC011a73ee8576Fb46F5E1c5751cA3B9Fe0af2a6F,dai,18,0.0,False
2022-01-07,13961396,0xC011a73ee8576Fb46F5E1c5751cA3B9Fe0af2a6F,dai,18,0.0,False
2022-01-08,13967921,0xC011a73ee8576Fb46F5E1c5751cA3B9Fe0af2a6F,dai,18,0.0,False
2022-01-09,13974426,0xC011a73ee8576Fb46F5E1c5751cA3B9Fe0af2a6F,dai,18,0.0,False
2022-01-10,13980848,0xC011a73ee8576Fb46F5E1c5751cA3B9Fe0af2a6F,dai,18,0.0,False
2022-01-11,13987375,0xC011a73ee8576Fb46F5E1c5751cA3B9Fe0af2a6F,dai,18,0.0,False
2022-01-12,13993832,0xC011a73ee8576Fb46F5E1c5751cA3B9Fe0af2a6F,dai,18,0.0,False
2022-01-13,14000270,0xC011a73ee8576Fb46F5E1c5751cA3B9Fe0af2a6F,dai,18,0.0,False
2022-01-14,14006709,0xC011a73ee8576Fb46F5E1c5751cA3B9Fe0af2a6F,dai,18,0.0,False
2022-01-15,14013195,0xC011a73ee8576Fb46F5E1c5751cA3B9Fe0af2a6F,dai,18,0.0,False
2022-01-16,14019699,0xC011a73ee8576Fb46F5E1c5751cA3B9Fe0af2a6F,dai,18,0.0,False
2022-01-17,14026167,0xC011a73ee8576Fb46F5E1c5751cA3B9Fe0af2a6F,dai,18,0.0,False
2022-01-18,14032629,0xC011a73ee8576Fb46F5E1c5751cA3B9Fe0af2a6F,dai,18,0.0,False
2022-01-19,14039102,0xC011a73ee8576Fb46F5E1c5751cA3B9Fe0af2a6F,dai,18,0.0,False
2022-01-20,14045591,0xC011a73ee8576Fb46F5E1c5751cA3B9Fe0af2a6F,dai,18,0.0,False
2022-01-21,14051984,0xC011a73ee8576Fb46F5E1c5751cA3B9Fe0af2a6F,dai,18,0.0,False
2022-01-22,14058540,0xC011a73ee8576Fb46F5E1c5751cA3B9Fe0af2a6F,dai,18,0.0,False
2022-01-23,14064996,0xC011a73ee8576Fb46F5E1c5751cA3B9Fe0af2a6F,dai,18,0.0,False
2022-01-24,14071445,0xC011a73ee8576Fb46F5E1c5751cA3B9Fe0af2a6F,dai,18,0.0,False
2022-01-25,14077905,0xC011a73ee8576Fb46F5E1c5751cA3B9Fe0af2a6F,dai,18,0.0,False
2022-01-26,14084332,0xC011a73ee8576Fb46F5E1c5751cA3B9Fe0af2a6F,dai,18,0.0,False
2022-01-27,14090826,0xC011a73ee8576Fb46F5E1c5751cA3B9Fe0af2a6F,dai,18,0.0,False
2022-01-28,14097298,0xC011a73ee8576Fb46F5E1c5751cA3B9Fe0af2a6F,dai,18,0.0,False
2022-01-29,14103759,0xC011a73ee8576Fb46F5E1c5751cA3B9Fe0af2a6F,dai,18,0.0,False
2022-01-30,14110298,0xC011a73ee8576Fb46F5E1c5751cA3B9Fe0af2a6F,dai,18,0.0,False
2022-01-31,14116760,0xC011a73ee8576Fb46F5E1c5751cA3B9Fe0af2a6F,dai,18,0.0,False
2022-02-01,14123261,0xC011a73ee8576Fb46F5E1c5751cA3B9Fe0af2a6F,dai,18,0.0,False
2022-02-02,14129715,0xC011a73ee8576Fb46F5E1c5751cA3B9Fe0af2a6F,dai,18,0.0,False
2022-02-03,14136138,0xC011a73ee8576Fb46F5E1c5751cA3B9Fe0af2a6F,dai,18,0.0,False
2022-02-04,14142694,0xC011a73ee8576Fb46F5E1c5751cA3B9Fe0af2a6F,dai,18,0.0,False
2022-02-05,14149081,0xC011a73ee8576Fb46F5E1c5751cA3B9Fe0af2a6F,dai,18,0.0,False
2022-02-06,14155620,0xC011a73ee8576Fb46F5E1c5751cA3B9Fe0af2a6F,dai,18,0.0,False
2022-02-07,14162081,0xC011a73ee8576Fb46F5E1c5751cA3B9Fe0af2a6F,dai,18,0.0,False
2022-02-08,14168511,0xC011a73ee8576Fb46F5E1c5751cA3B9Fe0af2a6F,dai,18,0.0,False
2022-02-09,14174988,0xC011a73ee8576Fb46F5E1c5751cA3B9Fe0af2a6F,dai,18,0.0,False
2022-02-10,14181426,0xC011a73ee8576Fb46F5E1c5751cA3B9Fe0af2a6F,dai,18,0.0,False
2022-02-11,14187946,0xC011a73ee8576Fb46F5E1c5751cA3B9Fe0af2a6F,dai,18,0.0,False
2022-02-12,14194417,0xC011a73ee8576Fb46F5E1c5751cA3B9Fe0af2a6F,dai,18,0.0,False
2022-02-13,14200887,0xC011a73ee8576Fb46F5E1c5751cA3B9Fe0af2a6F,dai,18,0.0,False
2022-02-14,14207338,0xC011a73ee8576Fb46F5E1c5751cA3B9Fe0af2a6F,dai,18,0.0,False
2022-02-15,14213858,0xC011a73ee8576Fb46F5E1c5751cA3B9Fe0af2a6F,dai,18,0.0,False
2022-02-16,14220268,0xC011a73ee8576Fb46F5E1c5751cA3B9Fe0af2a6F,dai,18,0.0,False
2022-02-17,14226744,0xC011a73ee8576Fb46F5E1c5751cA3B9Fe0af2a6F,dai,18,0.0,False
2022-02-18,14233162,0xC011a73ee8576Fb46F5E1c5751cA3B9Fe0af2a6F,dai,18,0.0,False
2022-02-19,14239569,0xC011a73ee8576Fb46F5E1c5751cA3B9Fe0af2a6F,dai,18,0.0,False
2022-02-20,14246087,0xC011a73ee8576Fb46F5E1c5751cA3B9Fe0af2a6F,dai,18,0.0,False
2022-02-21,14252521,0xC011a73ee8576Fb46F5E1c5751cA3B9Fe0af2a6F,dai,18,0.0,False
2022-02-22,14258984,0xC011a73ee8576Fb46F5E1c5751cA3B9Fe0af2a6F,dai,18,0.0,False
2022-02-23,14265471,0xC011a73ee8576Fb46F5E1c5751cA3B9Fe0af2a6F,dai,18,0.0,False
2022-02-24,14271956,0xC011a73ee8576Fb46F5E1c5751cA3B9Fe0af2a6F,dai,18,0.0,False
2022-02-25,14278386,0xC011a73ee8576Fb46F5E1c5751cA3B9Fe0af2a6F,dai,18,0.0,False
2022-02-26,14284846,0xC011a73ee8576Fb46F5E1c5751cA3B9Fe0af2a6F,dai,18,0.0,False
2022-02-27,14291334,0xC011a73ee8576Fb46F5E1c5751cA3B9Fe0af2a6F,dai,18,0.0,False
2022-02-28,14297758,0xC011a73ee8576Fb46F5E1c5751cA3B9Fe0af2a6F,dai,18,0.0,False
2022-03-01,14304253,0xC011a73ee8576Fb46F5E1c5751cA3B9Fe0af2a6F,dai,18,0.0,False
2022-03-02,14310657,0xC011a73ee8576Fb46F5E1c5751cA3B9Fe0af2a6F,dai,18,0.0,False
2022-03-03,14317108,0xC011a73ee8576Fb46F5E1c5751cA3B9Fe0af2a6F,dai,18,0.0,False
2022-03-04,14323604,0xC011a73ee8576Fb46F5E1c5751cA3B9Fe0af2a6F,dai,18,0.0,False
2022-03-05,14329980,0xC011a73ee8576Fb46F5E1c5751cA3B9Fe0af2a6F,dai,18,0.0,False
2022-03-06,14336401,0xC011a73ee8576Fb46F5E1c5751cA3B9Fe0af2a6F,dai,18,0.0,False
2022-03-07,14342847,0xC011a73ee8576Fb46F5E1c5751cA3B9Fe0af2a6F,dai,18,0.0,False
2022-03-08,14349239,0xC011a73ee8576Fb46F5E1c5751cA3B9Fe0af2a6F,dai,18,0.0,False
2022-03-09,14355747,0xC011a73ee8576Fb46F5E1c5751cA3B9Fe0af2a6F,dai,18,0.0,False
2022-03-10,14362227,0xC011a73ee8576Fb46F5E1c5751cA3B9Fe0af2a6F,dai,18,0.0,False
2022-03-11,14368558,0xC011a73ee8576Fb46F5E1c5751cA3B9Fe0af2a6F,dai,18,0.0,False
2022-03-12,14375067,0xC011a73ee8576Fb46F5E1c5751cA3B9Fe0af2a6F,dai,18,0.0,False
2022-03-13,14381394,0xC011a73ee8576Fb46F5E1c5751cA3B9Fe0af2a6F,dai,18,0.0,False
2022-03-14,14387852,0xC011a73ee8576Fb46F5E1c5751cA3B9Fe0af2a6F,dai,18,0.0,False
2022-03-15,14394257,0xC011a73ee8576Fb46F5E1c5751cA3B9Fe0af2a6F,dai,18,0.0,False
2022-03-16,14400648,0xC011a73ee8576Fb46F5E1c5751cA3B9Fe0af2a6F,dai,18,0.0,False
2022-03-17,14407074,0xC011a73ee8576Fb46F5E1c5751cA3B9Fe0af2a6F,dai,18,0.0,False
2022-03-18,14413492,0xC011a73ee8576Fb46F5E1c5751cA3B9Fe0af2a6F,dai,18,0.0,False
2022-03-19,14419941,0xC011a73ee8576Fb46F5E1c5751cA3B9Fe0af2a6F,dai,18,0.0,False
2022-03-20,14426367,0xC011a73ee8576Fb46F5E1c5751cA3B9Fe0af2a6F,dai,18,0.0,False
2022-03-21,14432774,0xC011a73ee8576Fb46F5E1c5751cA3B9Fe0af2a6F,dai,18,0.0,False
2022-03-22,14439220,0xC011a73ee8576Fb46F5E1c5751cA3B9Fe0af2a6F,dai,18,0.0,False
2022-03-23,14445660,0xC011a73ee8576Fb46F5E1c5751cA3B9Fe0af2a6F,dai,18,0.0,False
2022-03-24,14452084,0xC011a73ee8576Fb46F5E1c5751cA3B9Fe0af2a6F,dai,18,0.0,False
2022-03-25,14458508,0xC011a73ee8576Fb46F5E1c5751cA3B9Fe0af2a6F,dai,18,0.0,False
2022-03-26,14464915,0xC011a73ee8576Fb46F5E1c5751cA3B9Fe0af2a6F,dai,18,0.0,False
2022-03-27,14471310,0xC011a73ee8576Fb46F5E1c5751cA3B9Fe0af2a6F,dai,18,0.0,False
2022-03-28,14477773,0xC011a73ee8576Fb46F5E1c5751cA3B9Fe0af2a6F,dai,18,0.0,False
2022-03-29,14484225,0xC011a73ee8576Fb46F5E1c5751cA3B9Fe0af2a6F,dai,18,0.0,False
2022-03-30,14490619,0xC011a73ee8576Fb46F5E1c5751cA3B9Fe0af2a6F,dai,18,0.0,False
2022-03-31,14497033,0xC011a73ee8576Fb46F5E1c5751cA3B9Fe0af2a6F,dai,18,0.0,False
2022-04-01,14503464,0xC011a73ee8576Fb46F5E1c5751cA3B9Fe0af2a6F,dai,18,0.0,False
2022-04-02,14509821,0xC011a73ee8576Fb46F5E1c5751cA3B9Fe0af2a6F,dai,18,0.0,False
2022-04-03,14516247,0xC011a73ee8576Fb46F5E1c5751cA3B9Fe0af2a6F,dai,18,0.0,False
2022-04-04,14522570,0xC011a73ee8576Fb46F5E1c5751cA3B9Fe0af2a6F,dai,18,0.0,False
2022-04-05,14529006,0xC011a73ee8576Fb46F5E1c5751cA3B9Fe0af2a6F,dai,18,0.0,False
2022-04-06,14535424,0xC011a73ee8576Fb46F5E1c5751cA3B9Fe0af2a6F,dai,18,0.0,False
2022-04-07,14541846,0xC011a73ee8576Fb46F5E1c5751cA3B9Fe0af2a6F,dai,18,0.0,False
2022-04-08,14548184,0xC011a73ee8576Fb46F5E1c5751cA3B9Fe0af2a6F,dai,18,0.0,False
2022-04-09,14554613,0xC011a73ee8576Fb46F5E1c5751cA3B9Fe0af2a6F,dai,18,0.0,False
2022-04-10,14561014,0xC011a73ee8576Fb46F5E1c5751cA3B9Fe0af2a6F,dai,18,0.0,False
2022-04-11,14567461,0xC011a73ee8576Fb46F5E1c5751cA3B9Fe0af2a6F,dai,18,0.0,False
2022-04-12,14573907,0xC011a73ee8576Fb46F5E1c5751cA3B9Fe0af2a6F,dai,18,0.0,False
2022-04-13,14580219,0xC011a73ee8576Fb46F5E1c5751cA3B9Fe0af2a6F,dai,18,0.0,False
2022-04-14,14586627,0xC011a73ee8576Fb46F5E1c5751cA3B9Fe0af2a6F,dai,18,0.0,False
2022-04-15,14593048,0xC011a73ee8576Fb46F5E1c5751cA3B9Fe0af2a6F,dai,18,0.0,False
2022-04-16,14599452,0xC011a73ee8576Fb46F5E1c5751cA3B9Fe0af2a6F,dai,18,0.0,False
2022-04-17,14605883,0xC011a73ee8576Fb46F5E1c5751cA3B9Fe0af2a6F,dai,18,0.0,False
2022-04-18,14612233,0xC011a73ee8576Fb46F5E1c5751cA3B9Fe0af2a6F,dai,18,0.0,False
2022-04-19,14618642,0xC011a73ee8576Fb46F5E1c5751cA3B9Fe0af2a6F,dai,18,0.0,False
2022-04-20,14625066,0xC011a73ee8576Fb46F5E1c5751cA3B9Fe0af2a6F,dai,18,0.0,False
2022-04-21,14631356,0xC011a73ee8576Fb46F5E1c5751cA3B9Fe0af2a6F,dai,18,0.0,False
2022-04-22,14637770,0xC011a73ee8576Fb46F5E1c5751cA3B9Fe0af2a6F,dai,18,0.0,False
2022-04-23,14644141,0xC011a73ee8576Fb46F5E1c5751cA3B9Fe0af2a6F,dai,18,0.0,False
2022-04-24,14650514,0xC011a73ee8576Fb46F5E1c5751cA3B9Fe0af2a6F,dai,18,0.0,False
2022-04-25,14656856,0xC011a73ee8576Fb46F5E1c5751cA3B9Fe0af2a6F,dai,18,0.0,False
2022-04-26,14663176,0xC011a73ee8576Fb46F5E1c5751cA3B9Fe0af2a6F,dai,18,0.0,False
2022-04-27,14669557,0xC011a73ee8576Fb46F5E1c5751cA3B9Fe0af2a6F,dai,18,0.0,False
2022-04-28,14675905,0xC011a73ee8576Fb46F5E1c5751cA3B9Fe0af2a6F,dai,18,0.0,False
2022-04-29,14682281,0xC011a73ee8576Fb46F5E1c5751cA3B9Fe0af2a6F,dai,18,0.0,False
2022-04-30,14688629,0xC011a73ee8576Fb46F5E1c5751cA3B9Fe0af2a6F,dai,18,0.0,False
2022-05-01,14695010,0xC011a73ee8576Fb46F5E1c5751cA3B9Fe0af2a6F,dai,18,0.0,False
2022-05-02,14701368,0xC011a73ee8576Fb46F5E1c5751cA3B9Fe0af2a6F,dai,18,0.0,False
2022-05-03,14707705,0xC011a73ee8576Fb46F5E1c5751cA3B9Fe0af2a6F,dai,18,0.0,False
2022-05-04,14713963,0xC011a73ee8576Fb46F5E1c5751cA3B9Fe0af2a6F,dai,18,0.0,False
2022-05-05,14720258,0xC011a73ee8576Fb46F5E1c5751cA3B9Fe0af2a6F,dai,18,0.0,False
2022-05-06,14726563,0xC011a73ee8576Fb46F5E1c5751cA3B9Fe0af2a6F,dai,18,0.0,False
2022-05-07,14732821,0xC011a73ee8576Fb46F5E1c5751cA3B9Fe0af2a6F,dai,18,0.0,False
2022-05-08,14739154,0xC011a73ee8576Fb46F5E1c5751cA3B9Fe0af2a6F,dai,18,0.0,False
2022-05-09,14745349,0xC011a73ee8576Fb46F5E1c5751cA3B9Fe0af2a6F,dai,18,0.0,False
2022-05-10,14751557,0xC011a73ee8576Fb46F5E1c5751cA3B9Fe0af2a6F,dai,18,0.0,False
2022-05-11,14757895,0xC011a73ee8576Fb46F5E1c5751cA3B9Fe0af2a6F,dai,18,0.0,False
2022-05-12,14764083,0xC011a73ee8576Fb46F5E1c5751cA3B9Fe0af2a6F,dai,18,0.0,False
2022-05-13,14770450,0xC011a73ee8576Fb46F5E1c5751cA3B9Fe0af2a6F,dai,18,0.0,False
2022-05-14,14776687,0xC011a73ee8576Fb46F5E1c5751cA3B9Fe0af2a6F,dai,18,0.0,False
2022-05-15,14782976,0xC011a73ee8576Fb46F5E1c5751cA3B9Fe0af2a6F,dai,18,0.0,False
2022-05-16,14789264,0xC011a73ee8576Fb46F5E1c5751cA3B9Fe0af2a6F,dai,18,0.0,False
2022-05-17,14795549,0xC011a73ee8576Fb46F5E1c5751cA3B9Fe0af2a6F,dai,18,0.0,False
2022-05-18,14801795,0xC011a73ee8576Fb46F5E1c5751cA3B9Fe0af2a6F,dai,18,0.0,False
2022-05-19,14807907,0xC011a73ee8576Fb46F5E1c5751cA3B9Fe0af2a6F,dai,18,0.0,False
2022-05-20,14814061,0xC011a73ee8576Fb46F5E1c5751cA3B9Fe0af2a6F,dai,18,0.0,False
2022-05-21,14820221,0xC011a73ee8576Fb46F5E1c5751cA3B9Fe0af2a6F,dai,18,0.0,False
2022-05-22,14826343,0xC011a73ee8576Fb46F5E1c5751cA3B9Fe0af2a6F,dai,18,0.0,False
2022-05-23,14832562,0xC011a73ee8576Fb46F5E1c5751cA3B9Fe0af2a6F,dai,18,0.0,False
2022-05-24,14838636,0xC011a73ee8576Fb46F5E1c5751cA3B9Fe0af2a6F,dai,18,0.0,False
2022-05-25,14844801,0xC011a73ee8576Fb46F5E1c5751cA3B9Fe0af2a6F,dai,18,0.0,False
2022-05-26,14850893,0xC011a73ee8576Fb46F5E1c5751cA3B9Fe0af2a6F,dai,18,0.0,False
2022-05-27,14857111,0xC011a73ee8576Fb46F5E1c5751cA3B9Fe0af2a6F,dai,18,0.0,False
2022-05-28,14863277,0xC011a73ee8576Fb46F5E1c5751cA3B9Fe0af2a6F,dai,18,0.0,False
2022-05-29,14869434,0xC011a73ee8576Fb46F5E1c5751cA3B9Fe0af2a6F,dai,18,0.0,False
2022-05-30,14875530,0xC011a73ee8576Fb46F5E1c5751cA3B9Fe0af2a6F,dai,18,0.0,False
2022-05-31,14881676,0xC011a73ee8576Fb46F5E1c5751cA3B9Fe0af2a6F,dai,18,0.0,False
2022-06-01,14887795,0xC011a73ee8576Fb46F5E1c5751cA3B9Fe0af2a6F,dai,18,0.0,False
2022-06-02,14893954,0xC011a73ee8576Fb46F5E1c5751cA3B9Fe0af2a6F,dai,18,0.0,False
2022-06-03,14900089,0xC011a73ee8576Fb46F5E1c5751cA3B9Fe0af2a6F,dai,18,0.0,False
2022-06-04,14905987,0xC011a73ee8576Fb46F5E1c5751cA3B9Fe0af2a6F,dai,18,0.0,False
2022-06-05,14911926,0xC011a73ee8576Fb46F5E1c5751cA3B9Fe0af2a6F,dai,18,0.0,False
2022-06-06,14917720,0xC011a73ee8576Fb46F5E1c5751cA3B9Fe0af2a6F,dai,18,0.0,False
2022-06-07,14923677,0xC011a73ee8576Fb46F5E1c5751cA3B9Fe0af2a6F,dai,18,0.0,False
2022-06-08,14929560,0xC011a73ee8576Fb46F5E1c5751cA3B9Fe0af2a6F,dai,18,0.0,False
2022-06-09,14935368,0xC011a73ee8576Fb46F5E1c5751cA3B9Fe0af2a6F,dai,18,0.0,False
2022-06-10,14941265,0xC011a73ee8576Fb46F5E1c5751cA3B9Fe0af2a6F,dai,18,0.0,False
2022-06-11,14947131,0xC011a73ee8576Fb46F5E1c5751cA3B9Fe0af2a6F,dai,18,0.0,False
2022-06-12,14952970,0xC011a73ee8576Fb46F5E1c5751cA3B9Fe0af2a6F,dai,18,0.0,False
2022-06-13,14958805,0xC011a73ee8576Fb46F5E1c5751cA3B9Fe0af2a6F,dai,18,0.0,False
2022-06-14,14964552,0xC011a73ee8576Fb46F5E1c5751cA3B9Fe0af2a6F,dai,18,0.0,False
2022-06-15,14970302,0xC011a73ee8576Fb46F5E1c5751cA3B9Fe0af2a6F,dai,18,0.0,False
2022-06-16,14976122,0xC011a73ee8576Fb46F5E1c5751cA3B9Fe0af2a6F,dai,18,0.0,False
2022-06-17,14981992,0xC011a73ee8576Fb46F5E1c5751cA3B9Fe0af2a6F,dai,18,0.0,False
2022-06-18,14987808,0xC011a73ee8576Fb46F5E1c5751cA3B9Fe0af2a6F,dai,18,0.0,False
2022-06-19,14993519,0xC011a73ee8576Fb46F5E1c5751cA3B9Fe0af2a6F,dai,18,0.0,False
2022-06-20,14999390,0xC011a73ee8576Fb46F5E1c5751cA3B9Fe0af2a6F,dai,18,0.0,False
2022-06-21,15004855,0xC011a73ee8576Fb46F5E1c5751cA3B9Fe0af2a6F,dai,18,0.0,False
2022-06-22,15010210,0xC011a73ee8576Fb46F5E1c5751cA3B9Fe0af2a6F,dai,18,0.0,False
2022-06-23,15015519,0xC011a73ee8576Fb46F5E1c5751cA3B9Fe0af2a6F,dai,18,0.0,False
2022-06-24,15020885,0xC011a73ee8576Fb46F5E1c5751cA3B9Fe0af2a6F,dai,18,0.0,False
2022-06-25,15026232,0xC011a73ee8576Fb46F5E1c5751cA3B9Fe0af2a6F,dai,18,0.0,False
2022-06-26,15031542,0xC011a73ee8576Fb46F5E1c5751cA3B9Fe0af2a6F,dai,18,0.0,False
2022-06-27,15036953,0xC011a73ee8576Fb46F5E1c5751cA3B9Fe0af2a6F,dai,18,0.0,False
2022-06-28,15042265,0xC011a73ee8576Fb46F5E1c5751cA3B9Fe0af2a6F,dai,18,0.0,False
2022-06-29,15047597,0xC011a73ee8576Fb46F5E1c5751cA3B9Fe0af2a6F,dai,18,0.0,False
2022-06-30,15053225,0xC011a73ee8576Fb46F5E1c5751cA3B9Fe0af2a6F,dai,18,0.0,False
2022-07-01,15059680,0xC011a73ee8576Fb46F5E1c5751cA3B9Fe0af2a6F,dai,18,0.0,False
2022-07-02,15066168,0xC011a73ee8576Fb46F5E1c5751cA3B9Fe0af2a6F,dai,18,0.0,False
2022-07-03,15072708,0xC011a73ee8576Fb46F5E1c5751cA3B9Fe0af2a6F,dai,18,0.0,False
2022-07-04,15079143,0xC011a73ee8576Fb46F5E1c5751cA3B9Fe0af2a6F,dai,18,0.0,False
2022-07-05,15085620,0xC011a73ee8576Fb46F5E1c5751cA3B9Fe0af2a6F,dai,18,0.0,False
2022-07-06,15092100,0xC011a73ee8576Fb46F5E1c5751cA3B9Fe0af2a6F,dai,18,0.0,False
2022-07-07,15098519,0xC011a73ee8576Fb46F5E1c5751cA3B9Fe0af2a6F,dai,18,0.0,False
2022-07-08,15105072,0xC011a73ee8576Fb46F5E1c5751cA3B9Fe0af2a6F,dai,18,0.0,False
2022-07-09,15111486,0xC011a73ee8576Fb46F5E1c5751cA3B9Fe0af2a6F,dai,18,0.0,False
2022-07-10,15117981,0xC011a73ee8576Fb46F5E1c5751cA3B9Fe0af2a6F,dai,18,0.0,False
2022-07-11,15124465,0xC011a73ee8576Fb46F5E1c5751cA3B9Fe0af2a6F,dai,18,0.0,False
2022-07-12,15130976,0xC011a73ee8576Fb46F5E1c5751cA3B9Fe0af2a6F,dai,18,0.0,False
2022-07-13,15137388,0xC011a73ee8576Fb46F5E1c5751cA3B9Fe0af2a6F,dai,18,0.0,False
2022-07-14,15143928,0xC011a73ee8576Fb46F5E1c5751cA3B9Fe0af2a6F,dai,18,0.0,False
2022-07-15,15150364,0xC011a73ee8576Fb46F5E1c5751cA3B9Fe0af2a6F,dai,18,0.0,False
2022-07-16,15156812,0xC011a73ee8576Fb46F5E1c5751cA3B9Fe0af2a6F,dai,18,0.0,False
2022-07-17,15163238,0xC011a73ee8576Fb46F5E1c5751cA3B9Fe0af2a6F,dai,18,0.0,False
2022-07-18,15169694,0xC011a73ee8576Fb46F5E1c5751cA3B9Fe0af2a6F,dai,18,0.0,False
2022-07-19,15176170,0xC011a73ee8576Fb46F5E1c5751cA3B9Fe0af2a6F,dai,18,0.0,False
2022-07-20,15182613,0xC011a73ee8576Fb46F5E1c5751cA3B9Fe0af2a6F,dai,18,0.0,False
2022-07-21,15189087,0xC011a73ee8576Fb46F5E1c5751cA3B9Fe0af2a6F,dai,18,0.0,False
2022-07-22,15195555,0xC011a73ee8576Fb46F5E1c5751cA3B9Fe0af2a6F,dai,18,0.0,False
2022-07-23,15202011,0xC011a73ee8576Fb46F5E1c5751cA3B9Fe0af2a6F,dai,18,0.0,False
2022-07-24,15208412,0xC011a73ee8576Fb46F5E1c5751cA3B9Fe0af2a6F,dai,18,0.0,False
2022-07-25,15214807,0xC011a73ee8576Fb46F5E1c5751cA3B9Fe0af2a6F,dai,18,0.0,False
2022-07-26,15221187,0xC011a73ee8576Fb46F5E1c5751cA3B9Fe0af2a6F,dai,18,0.0,False
2022-07-27,15227620,0xC011a73ee8576Fb46F5E1c5751cA3B9Fe0af2a6F,dai,18,0.0,False
2022-07-28,15234058,0xC011a73ee8576Fb46F5E1c5751cA3B9Fe0af2a6F,dai,18,0.0,False
2022-07-29,15240481,0xC011a73ee8576Fb46F5E1c5751cA3B9Fe0af2a6F,dai,18,0.0,False
2022-07-30,15246902,0xC011a73ee8576Fb46F5E1c5751cA3B9Fe0af2a6F,dai,18,0.0,False
2022-07-31,15253305,0xC011a73ee8576Fb46F5E1c5751cA3B9Fe0af2a6F,dai,18,0.0,False
2022-08-01,15259746,0xC011a73ee8576Fb46F5E1c5751cA3B9Fe0af2a6F,dai,18,0.0,False
2022-08-02,15266192,0xC011a73ee8576Fb46F5E1c5751cA3B9Fe0af2a6F,dai,18,0.0,False
2022-08-03,15272547,0xC011a73ee8576Fb46F5E1c5751cA3B9Fe0af2a6F,dai,18,0.0,False
2022-08-04,15278936,0xC011a73ee8576Fb46F5E1c5751cA3B9Fe0af2a6F,dai,18,0.0,False
2022-08-05,15285447,0xC011a73ee8576Fb46F5E1c5751cA3B9Fe0af2a6F,dai,18,0.0,False
2022-08-06,15291832,0xC011a73ee8576Fb46F5E1c5751cA3B9Fe0af2a6F,dai,18,0.0,False
2022-08-07,15298282,0xC011a73ee8576Fb46F5E1c5751cA3B9Fe0af2a6F,dai,18,0.0,False
2022-08-08,15304705,0xC011a73ee8576Fb46F5E1c5751cA3B9Fe0af2a6F,dai,18,0.0,False
2022-08-09,15311050,0xC011a73ee8576Fb46F5E1c5751cA3B9Fe0af2a6F,dai,18,0.0,False
2022-08-10,15317425,0xC011a73ee8576Fb46F5E1c5751cA3B9Fe0af2a6F,dai,18,0.0,False
2022-08-11,15323739,0xC011a73ee8576Fb46F5E1c5751cA3B9Fe0af2a6F,dai,18,0.0,False
2022-08-12,15330082,0xC011a73ee8576Fb46F5E1c5751cA3B9Fe0af2a6F,dai,18,0.0,False
2022-08-13,15336462,0xC011a73ee8576Fb46F5E1c5751cA3B9Fe0af2a6F,dai,18,0.0,False
2022-08-14,15342780,0xC011a73ee8576Fb46F5E1c5751cA3B9Fe0af2a6F,dai,18,0.0,False
2022-08-15,15349050,0xC011a73ee8576Fb46F5E1c5751cA3B9Fe0af2a6F,dai,18,0.0,False
2022-08-16,15355431,0xC011a73ee8576Fb46F5E1c5751cA3B9Fe0af2a6F,dai,18,0.0,False
2022-08-17,15361718,0xC011a73ee8576Fb46F5E1c5751cA3B9Fe0af2a6F,dai,18,0.0,False
2022-08-18,15368062,0xC011a73ee8576Fb46F5E1c5751cA3B9Fe0af2a6F,dai,18,0.0,False
2022-08-19,15374318,0xC011a73ee8576Fb46F5E1c5751cA3B9Fe0af2a6F,dai,18,0.0,False
2022-08-20,15380671,0xC011a73ee8576Fb46F5E1c5751cA3B9Fe0af2a6F,dai,18,0.0,False
2022-08-21,15387034,0xC011a73ee8576Fb46F5E1c5751cA3B9Fe0af2a6F,dai,18,0.0,False
2022-08-22,15393298,0xC011a73ee8576Fb46F5E1c5751cA3B9Fe0af2a6F,dai,18,0.0,False
2022-08-23,15399651,0xC011a73ee8576Fb46F5E1c5751cA3B9Fe0af2a6F,dai,18,0.0,False
2022-08-24,15405907,0xC011a73ee8576Fb46F5E1c5751cA3B9Fe0af2a6F,dai,18,0.0,False
2022-08-25,15412117,0xC011a73ee8576Fb46F5E1c5751cA3B9Fe0af2a6F,dai,18,0.0,False
2022-08-26,15418354,0xC011a73ee8576Fb46F5E1c5751cA3B9Fe0af2a6F,dai,18,0.0,False
2022-08-27,15424590,0xC011a73ee8576Fb46F5E1c5751cA3B9Fe0af2a6F,dai,18,0.0,False
2022-08-28,15430829,0xC011a73ee8576Fb46F5E1c5751cA3B9Fe0af2a6F,dai,18,0.0,False
2022-08-29,15437156,0xC011a73ee8576Fb46F5E1c5751cA3B9Fe0af2a6F,dai,18,0.0,False
2022-08-30,15443367,0xC011a73ee8576Fb46F5E1c5751cA3B9Fe0af2a6F,dai,18,0.0,False
2022-08-31,15449617,0xC011a73ee8576Fb46F5E1c5751cA3B9Fe0af2a6F,dai,18,0.0,False
2022-09-01,15455879,0xC011a73ee8576Fb46F5E1c5751cA3B9Fe0af2a6F,dai,18,0.0,False
2022-09-02,15462172,0xC011a73ee8576Fb46F5E1c5751cA3B9Fe0af2a6F,dai,18,0.0,False
2022-09-03,15468372,0xC011a73ee8576Fb46F5E1c5751cA3B9Fe0af2a6F,dai,18,0.0,False
2022-09-04,15474641,0xC011a73ee8576Fb46F5E1c5751cA3B9Fe0af2a6F,dai,18,0.0,False
2022-09-05,15480812,0xC011a73ee8576Fb46F5E1c5751cA3B9Fe0af2a6F,dai,18,0.0,False
2022-09-06,15487071,0xC011a73ee8576Fb46F5E1c5751cA3B9Fe0af2a6F,dai,18,0.0,False
2022-09-07,15493289,0xC011a73ee8576Fb46F5E1c5751cA3B9Fe0af2a6F,dai,18,0.0,False
2022-09-08,15499581,0xC011a73ee8576Fb46F5E1c5751cA3B9Fe0af2a6F,dai,18,0.0,False
2022-09-09,15505646,0xC011a73ee8576Fb46F5E1c5751cA3B9Fe0af2a6F,dai,18,0.0,False
2022-09-10,15511690,0xC011a73ee8576Fb46F5E1c5751cA3B9Fe0af2a6F,dai,18,0.0,False
2022-09-11,15517756,0xC011a73ee8576Fb46F5E1c5751cA3B9Fe0af2a6F,dai,18,0.0,False
2022-09-12,15523803,0xC011a73ee8576Fb46F5E1c5751cA3B9Fe0af2a6F,dai,18,0.0,False
2022-09-13,15529867,0xC011a73ee8576Fb46F5E1c5751cA3B9Fe0af2a6F,dai,18,0.0,False
2022-09-14,15535776,0xC011a73ee8576Fb46F5E1c5751cA3B9Fe0af2a6F,dai,18,0.0,False
2022-09-15,15542503,0xC011a73ee8576Fb46F5E1c5751cA3B9Fe0af2a6F,dai,18,0.0,False
2022-09-16,15549595,0xC011a73ee8576Fb46F5E1c5751cA3B9Fe0af2a6F,dai,18,0.0,False
2022-09-17,15556725,0xC011a73ee8576Fb46F5E1c5751cA3B9Fe0af2a6F,dai,18,0.0,False
2022-09-18,15563855,0xC011a73ee8576Fb46F5E1c5751cA3B9Fe0af2a6F,dai,18,0.0,False
2022-09-19,15570980,0xC011a73ee8576Fb46F5E1c5751cA3B9Fe0af2a6F,dai,18,0.0,False
2022-09-20,15578118,0xC011a73ee8576Fb46F5E1c5751cA3B9Fe0af2a6F,dai,18,0.0,False
2022-09-21,15585172,0xC011a73ee8576Fb46F5E1c5751cA3B9Fe0af2a6F,dai,18,0.0,False
2022-09-22,15592324,0xC011a73ee8576Fb46F5E1c5751cA3B9Fe0af2a6F,dai,18,0.0,False
2022-09-23,15599491,0xC011a73ee8576Fb46F5E1c5751cA3B9Fe0af2a6F,dai,18,0.0,False
2022-09-24,15606659,0xC011a73ee8576Fb46F5E1c5751cA3B9Fe0af2a6F,dai,18,0.0,False
2022-09-25,15613827,0xC011a73ee8576Fb46F5E1c5751cA3B9Fe0af2a6F,dai,18,0.0,False
2022-09-26,15620975,0xC011a73ee8576Fb46F5E1c5751cA3B9Fe0af2a6F,dai,18,0.0,False
2022-09-27,15628116,0xC011a73ee8576Fb46F5E1c5751cA3B9Fe0af2a6F,dai,18,0.0,False
2022-09-28,15635278,0xC011a73ee8576Fb46F5E1c5751cA3B9Fe0af2a6F,dai,18,0.0,False
2022-09-29,15642432,0xC011a73ee8576Fb46F5E1c5751cA3B9Fe0af2a6F,dai,18,0.0,False
2022-09-30,15649594,0xC011a73ee8576Fb46F5E1c5751cA3B9Fe0af2a6F,dai,18,0.0,False
2022-10-01,15656731,0xC011a73ee8576Fb46F5E1c5751cA3B9Fe0af2a6F,dai,18,0.0,False
2022-10-02,15663906,0xC011a73ee8576Fb46F5E1c5751cA3B9Fe0af2a6F,dai,18,0.0,False
2022-10-03,15671063,0xC011a73ee8576Fb46F5E1c5751cA3B9Fe0af2a6F,dai,18,0.0,False
2022-10-04,15678195,0xC011a73ee8576Fb46F5E1c5751cA3B9Fe0af2a6F,dai,18,0.0,False
2022-10-05,15685343,0xC011a73ee8576Fb46F5E1c5751cA3B9Fe0af2a6F,dai,18,0.0,False
2022-10-06,15692500,0xC011a73ee8576Fb46F5E1c5751cA3B9Fe0af2a6F,dai,18,0.0,False
2022-10-07,15699646,0xC011a73ee8576Fb46F5E1c5751cA3B9Fe0af2a6F,dai,18,0.0,False
2022-10-08,15706815,0xC011a73ee8576Fb46F5E1c5751cA3B9Fe0af2a6F,dai,18,0.0,False
2022-10-09,15713977,0xC011a73ee8576Fb46F5E1c5751cA3B9Fe0af2a6F,dai,18,0.0,False
2022-10-10,15721142,0xC011a73ee8576Fb46F5E1c5751cA3B9Fe0af2a6F,dai,18,0.0,False
2022-10-11,15728306,0xC011a73ee8576Fb46F5E1c5751cA3B9Fe0af2a6F,dai,18,0.0,False
2022-10-12,15735470,0xC011a73ee8576Fb46F5E1c5751cA3B9Fe0af2a6F,dai,18,0.0,False
2022-10-13,15742627,0xC011a73ee8576Fb46F5E1c5751cA3B9Fe0af2a6F,dai,18,0.0,False
2022-10-14,15749789,0xC011a73ee8576Fb46F5E1c5751cA3B9Fe0af2a6F,dai,18,0.0,False
2022-10-15,15756956,0xC011a73ee8576Fb46F5E1c5751cA3B9Fe0af2a6F,dai,18,0.0,False
2022-10-16,15764113,0xC011a73ee8576Fb46F5E1c5751cA3B9Fe0af2a6F,dai,18,0.0,False
2022-10-17,15771267,0xC011a73ee8576Fb46F5E1c5751cA3B9Fe0af2a6F,dai,18,0.0,False
2022-10-18,15778435,0xC011a73ee8576Fb46F5E1c5751cA3B9Fe0af2a6F,dai,18,0.0,False
2022-10-19,15785589,0xC011a73ee8576Fb46F5E1c5751cA3B9Fe0af2a6F,dai,18,0.0,False
2022-10-20,15792754,0xC011a73ee8576Fb46F5E1c5751cA3B9Fe0af2a6F,dai,18,0.0,False
2022-10-21,15799919,0xC011a73ee8576Fb46F5E1c5751cA3B9Fe0af2a6F,dai,18,0.0,False
2022-10-22,15807085,0xC011a73ee8576Fb46F5E1c5751cA3B9Fe0af2a6F,dai,18,0.0,False
2022-10-23,15814248,0xC011a73ee8576Fb46F5E1c5751cA3B9Fe0af2a6F,dai,18,0.0,False
2022-10-24,15821368,0xC011a73ee8576Fb46F5E1c5751cA3B9Fe0af2a6F,dai,18,0.0,False
2022-10-25,15828520,0xC011a73ee8576Fb46F5E1c5751cA3B9Fe0af2a6F,dai,18,0.0,False
2022-10-26,15835686,0xC011a73ee8576Fb46F5E1c5751cA3B9Fe0af2a6F,dai,18,0.0,False
2022-10-27,15842848,0xC011a73ee8576Fb46F5E1c5751cA3B9Fe0af2a6F,dai,18,0.0,False
2022-10-28,15850000,0xC011a73ee8576Fb46F5E1c5751cA3B9Fe0af2a6F,dai,18,0.0,False
2022-10-29,15857150,0xC011a73ee8576Fb46F5E1c5751cA3B9Fe0af2a6F,dai,18,0.0,False
2022-10-30,15864318,0xC011a73ee8576Fb46F5E1c5751cA3B9Fe0af2a6F,dai,18,0.0,False
2022-10-31,15871479,0xC011a73ee8576Fb46F5E1c5751cA3B9Fe0af2a6F,dai,18,0.0,False
2022-11-01,15878616,0xC011a73ee8576Fb46F5E1c5751cA3B9Fe0af2a6F,dai,18,0.0,False
2022-11-02,15885772,0xC011a73ee8576Fb46F5E1c5751cA3B9Fe0af2a6F,dai,18,0.0,False
2022-11-03,15892927,0xC011a73ee8576Fb46F5E1c5751cA3B9Fe0af2a6F,dai,18,0.0,False
2022-11-04,15900095,0xC011a73ee8576Fb46F5E1c5751cA3B9Fe0af2a6F,dai,18,0.0,False
2022-11-05,15907252,0xC011a73ee8576Fb46F5E1c5751cA3B9Fe0af2a6F,dai,18,0.0,False
2022-11-06,15914420,0xC011a73ee8576Fb46F5E1c5751cA3B9Fe0af2a6F,dai,18,0.0,False
2022-11-07,15921588,0xC011a73ee8576Fb46F5E1c5751cA3B9Fe0af2a6F,dai,18,0.0,False
2022-11-08,15928753,0xC011a73ee8576Fb46F5E1c5751cA3B9Fe0af2a6F,dai,18,0.0,False
2022-11-09,15935899,0xC011a73ee8576Fb46F5E1c5751cA3B9Fe0af2a6F,dai,18,0.0,False
2022-11-10,15943060,0xC011a73ee8576Fb46F5E1c5751cA3B9Fe0af2a6F,dai,18,0.0,False
2022-11-11,15950211,0xC011a73ee8576Fb46F5E1c5751cA3B9Fe0af2a6F,dai,18,0.0,False
2022-11-12,15957379,0xC011a73ee8576Fb46F5E1c5751cA3B9Fe0af2a6F,dai,18,0.0,False
2022-11-13,15964551,0xC011a73ee8576Fb46F5E1c5751cA3B9Fe0af2a6F,dai,18,0.0,False
2022-11-14,15971718,0xC011a73ee8576Fb46F5E1c5751cA3B9Fe0af2a6F,dai,18,0.0,False
2022-11-15,15978869,0xC011a73ee8576Fb46F5E1c5751cA3B9Fe0af2a6F,dai,18,0.0,False
2022-11-16,15986019,0xC011a73ee8576Fb46F5E1c5751cA3B9Fe0af2a6F,dai,18,0.0,False
2022-11-17,15993178,0xC011a73ee8576Fb46F5E1c5751cA3B9Fe0af2a6F,dai,18,0.0,False
2022-11-18,16000337,0xC011a73ee8576Fb46F5E1c5751cA3B9Fe0af2a6F,dai,18,0.0,False
2022-11-19,16007502,0xC011a73ee8576Fb46F5E1c5751cA3B9Fe0af2a6F,dai,18,0.0,False
2022-11-20,16014665,0xC011a73ee8576Fb46F5E1c5751cA3B9Fe0af2a6F,dai,18,0.0,False
2022-11-21,16021828,0xC011a73ee8576Fb46F5E1c5751cA3B9Fe0af2a6F,dai,18,0.0,False
2022-11-22,16028978,0xC011a73ee8576Fb46F5E1c5751cA3B9Fe0af2a6F,dai,18,0.0,False
2022-11-23,16036115,0xC011a73ee8576Fb46F5E1c5751cA3B9Fe0af2a6F,dai,18,0.0,False
2022-11-24,16043281,0xC011a73ee8576Fb46F5E1c5751cA3B9Fe0af2a6F,dai,18,0.0,False
2022-11-25,16050437,0xC011a73ee8576Fb46F5E1c5751cA3B9Fe0af2a6F,dai,18,0.0,False
2022-11-26,16057596,0xC011a73ee8576Fb46F5E1c5751cA3B9Fe0af2a6F,dai,18,0.0,False
2022-11-27,16064755,0xC011a73ee8576Fb46F5E1c5751cA3B9Fe0af2a6F,dai,18,0.0,False
2022-11-28,16071930,0xC011a73ee8576Fb46F5E1c5751cA3B9Fe0af2a6F,dai,18,0.0,False
2022-11-29,16079082,0xC011a73ee8576Fb46F5E1c5751cA3B9Fe0af2a6F,dai,18,0.0,False
2022-11-30,16086233,0xC011a73ee8576Fb46F5E1c5751cA3B9Fe0af2a6F,dai,18,0.0,False
2022-12-01,16093396,0xC011a73ee8576Fb46F5E1c5751cA3B9Fe0af2a6F,dai,18,0.0,False
2022-12-02,16100563,0xC011a73ee8576Fb46F5E1c5751cA3B9Fe0af2a6F,dai,18,0.0,False
2022-12-03,16107726,0xC011a73ee8576Fb46F5E1c5751cA3B9Fe0af2a6F,dai,18,0.0,False
2022-12-04,16114880,0xC011a73ee8576Fb46F5E1c5751cA3B9Fe0af2a6F,dai,18,0.0,False
2022-12-05,16122024,0xC011a73ee8576Fb46F5E1c5751cA3B9Fe0af2a6F,dai,18,0.0,False
2022-12-06,16129194,0xC011a73ee8576Fb46F5E1c5751cA3B9Fe0af2a6F,dai,18,0.0,False
2022-12-07,16136269,0xC011a73ee8576Fb46F5E1c5751cA3B9Fe0af2a6F,dai,18,0.0,False
2022-12-08,16143430,0xC011a73ee8576Fb46F5E1c5751cA3B9Fe0af2a6F,dai,18,0.0,False
2022-12-09,16150582,0xC011a73ee8576Fb46F5E1c5751cA3B9Fe0af2a6F,dai,18,0.0,False
2022-12-10,16157747,0xC011a73ee8576Fb46F5E1c5751cA3B9Fe0af2a6F,dai,18,0.0,False
2022-12-11,16164907,0xC011a73ee8576Fb46F5E1c5751cA3B9Fe0af2a6F,dai,18,0.0,False
2022-12-12,16172063,0xC011a73ee8576Fb46F5E1c5751cA3B9Fe0af2a6F,dai,18,0.0,False
2022-12-13,16179214,0xC011a73ee8576Fb46F5E1c5751cA3B9Fe0af2a6F,dai,18,0.0,False
2022-12-14,16186377,0xC011a73ee8576Fb46F5E1c5751cA3B9Fe0af2a6F,dai,18,0.0,False
2022-12-15,16193533,0xC011a73ee8576Fb46F5E1c5751cA3B9Fe0af2a6F,dai,18,0.0,False
2022-12-16,16200693,0xC011a73ee8576Fb46F5E1c5751cA3B9Fe0af2a6F,dai,18,0.0,False
2022-12-17,16207856,0xC011a73ee8576Fb46F5E1c5751cA3B9Fe0af2a6F,dai,18,0.0,False
2022-12-18,16215018,0xC011a73ee8576Fb46F5E1c5751cA3B9Fe0af2a6F,dai,18,0.0,False
2022-12-19,16222182,0xC011a73ee8576Fb46F5E1c5751cA3B9Fe0af2a6F,dai,18,0.0,False
2022-12-20,16229350,0xC011a73ee8576Fb46F5E1c5751cA3B9Fe0af2a6F,dai,18,0.0,False
2022-12-21,16236513,0xC011a73ee8576Fb46F5E1c5751cA3B9Fe0af2a6F,dai,18,0.0,False
2022-12-22,16243691,0xC011a73ee8576Fb46F5E1c5751cA3B9Fe0af2a6F,dai,18,0.0,False
2022-12-23,16250871,0xC011a73ee8576Fb46F5E1c5751cA3B9Fe0af2a6F,dai,18,0.0,False
2022-12-24,16258037,0xC011a73ee8576Fb46F5E1c5751cA3B9Fe0af2a6F,dai,18,0.0,False
2022-12-25,16265205,0xC011a73ee8576Fb46F5E1c5751cA3B9Fe0af2a6F,dai,18,0.0,False
2022-12-26,16272367,0xC011a73ee8576Fb46F5E1c5751cA3B9Fe0af2a6F,dai,18,0.0,False
2022-12-27,16279523,0xC011a73ee8576Fb46F5E1c5751cA3B9Fe0af2a6F,dai,18,0.0,False
2022-12-28,16286696,0xC011a73ee8576Fb46F5E1c5751cA3B9Fe0af2a6F,dai,18,0.0,False
2022-12-29,16293857,0xC011a73ee8576Fb46F5E1c5751cA3B9Fe0af2a6F,dai,18,0.0,False
2022-12-30,16301023,0xC011a73ee8576Fb46F5E1c5751cA3B9Fe0af2a6F,dai,18,0.0,False
2022-12-31,16308189,0xC011a73ee8576Fb46F5E1c5751cA3B9Fe0af2a6F,dai,18,0.0,False
2023-01-01,16315361,0xC011a73ee8576Fb46F5E1c5751cA3B9Fe0af2a6F,dai,18,0.0,False
2023-01-02,16322532,0xC011a73ee8576Fb46F5E1c5751cA3B9Fe0af2a6F,dai,18,0.0,False
2023-01-03,16329700,0xC011a73ee8576Fb46F5E1c5751cA3B9Fe0af2a6F,dai,18,0.0,False
2023-01-04,16336870,0xC011a73ee8576Fb46F5E1c5751cA3B9Fe0af2a6F,dai,18,0.0,False
2023-01-05,16344023,0xC011a73ee8576Fb46F5E1c5751cA3B9Fe0af2a6F,dai,18,0.0,False
2023-01-06,16351183,0xC011a73ee8576Fb46F5E1c5751cA3B9Fe0af2a6F,dai,18,0.0,False
2023-01-07,16358346,0xC011a73ee8576Fb46F5E1c5751cA3B9Fe0af2a6F,dai,18,0.0,False
2023-01-08,16365511,0xC011a73ee8576Fb46F5E1c5751cA3B9Fe0af2a6F,dai,18,0.0,False
2023-01-09,16372678,0xC011a73ee8576Fb46F5E1c5751cA3B9Fe0af2a6F,dai,18,0.0,False
2023-01-10,16379844,0xC011a73ee8576Fb46F5E1c5751cA3B9Fe0af2a6F,dai,18,0.0,False
2023-01-11,16386999,0xC011a73ee8576Fb46F5E1c5751cA3B9Fe0af2a6F,dai,18,0.0,False
2023-01-12,16394155,0xC011a73ee8576Fb46F5E1c5751cA3B9Fe0af2a6F,dai,18,0.0,False
2023-01-13,16401317,0xC011a73ee8576Fb46F5E1c5751cA3B9Fe0af2a6F,dai,18,0.0,False
2023-01-14,16408487,0xC011a73ee8576Fb46F5E1c5751cA3B9Fe0af2a6F,dai,18,0.0,False
2023-01-15,16415633,0xC011a73ee8576Fb46F5E1c5751cA3B9Fe0af2a6F,dai,18,0.0,False
2023-01-16,16422793,0xC011a73ee8576Fb46F5E1c5751cA3B9Fe0af2a6F,dai,18,0.0,False
2023-01-17,16429964,0xC011a73ee8576Fb46F5E1c5751cA3B9Fe0af2a6F,dai,18,0.0,False
2023-01-18,16437129,0xC011a73ee8576Fb46F5E1c5751cA3B9Fe0af2a6F,dai,18,0.0,False
2023-01-19,16444289,0xC011a73ee8576Fb46F5E1c5751cA3B9Fe0af2a6F,dai,18,0.0,False
2023-01-20,16451457,0xC011a73ee8576Fb46F5E1c5751cA3B9Fe0af2a6F,dai,18,0.0,False
2023-01-21,16458620,0xC011a73ee8576Fb46F5E1c5751cA3B9Fe0af2a6F,dai,18,0.0,False
2023-01-22,16465780,0xC011a73ee8576Fb46F5E1c5751cA3B9Fe0af2a6F,dai,18,0.0,False
2023-01-23,16472945,0xC011a73ee8576Fb46F5E1c5751cA3B9Fe0af2a6F,dai,18,0.0,False
2023-01-24,16480111,0xC011a73ee8576Fb46F5E1c5751cA3B9Fe0af2a6F,dai,18,0.0,False
2023-01-25,16487269,0xC011a73ee8576Fb46F5E1c5751cA3B9Fe0af2a6F,dai,18,0.0,False
2023-01-26,16494435,0xC011a73ee8576Fb46F5E1c5751cA3B9Fe0af2a6F,dai,18,0.0,False
2023-01-27,16501588,0xC011a73ee8576Fb46F5E1c5751cA3B9Fe0af2a6F,dai,18,0.0,False
2023-01-28,16508757,0xC011a73ee8576Fb46F5E1c5751cA3B9Fe0af2a6F,dai,18,0.0,False
2023-01-29,16515916,0xC011a73ee8576Fb46F5E1c5751cA3B9Fe0af2a6F,dai,18,0.0,False
2023-01-30,16523084,0xC011a73ee8576Fb46F5E1c5751cA3B9Fe0af2a6F,dai,18,0.0,False
2023-01-31,16530247,0xC011a73ee8576Fb46F5E1c5751cA3B9Fe0af2a6F,dai,18,0.0,False
2023-02-01,16537406,0xC011a73ee8576Fb46F5E1c5751cA3B9Fe0af2a6F,dai,18,0.0,False
2023-02-02,16544547,0xC011a73ee8576Fb46F5E1c5751cA3B9Fe0af2a6F,dai,18,0.0,False
2023-02-03,16551700,0xC011a73ee8576Fb46F5E1c5751cA3B9Fe0af2a6F,dai,18,0.0,False
2023-02-04,16558856,0xC011a73ee8576Fb46F5E1c5751cA3B9Fe0af2a6F,dai,18,0.0,False
2023-02-05,16566022,0xC011a73ee8576Fb46F5E1c5751cA3B9Fe0af2a6F,dai,18,0.0,False
2023-02-06,16573189,0xC011a73ee8576Fb46F5E1c5751cA3B9Fe0af2a6F,dai,18,0.0,False
2023-02-07,16580337,0xC011a73ee8576Fb46F5E1c5751cA3B9Fe0af2a6F,dai,18,0.0,False
2023-02-08,16587476,0xC011a73ee8576Fb46F5E1c5751cA3B9Fe0af2a6F,dai,18,0.0,False
2023-02-09,16594631,0xC011a73ee8576Fb46F5E1c5751cA3B9Fe0af2a6F,dai,18,0.0,False
2023-02-10,16601799,0xC011a73ee8576Fb46F5E1c5751cA3B9Fe0af2a6F,dai,18,0.0,False
2023-02-11,16608957,0xC011a73ee8576Fb46F5E1c5751cA3B9Fe0af2a6F,dai,18,0.0,False
2023-02-12,16616115,0xC011a73ee8576Fb46F5E1c5751cA3B9Fe0af2a6F,dai,18,0.0,False
2023-02-13,16623274,0xC011a73ee8576Fb46F5E1c5751cA3B9Fe0af2a6F,dai,18,0.0,False
2023-02-14,16630422,0xC011a73ee8576Fb46F5E1c5751cA3B9Fe0af2a6F,dai,18,0.0,False
2023-02-15,16637574,0xC011a73ee8576Fb46F5E1c5751cA3B9Fe0af2a6F,dai,18,0.0,False
2023-02-16,16644732,0xC011a73ee8576Fb46F5E1c5751cA3B9Fe0af2a6F,dai,18,0.0,False
2023-02-17,16651829,0xC011a73ee8576Fb46F5E1c5751cA3B9Fe0af2a6F,dai,18,0.0,False
2023-02-18,16658938,0xC011a73ee8576Fb46F5E1c5751cA3B9Fe0af2a6F,dai,18,0.0,False
2023-02-19,16666055,0xC011a73ee8576Fb46F5E1c5751cA3B9Fe0af2a6F,dai,18,0.0,False
2023-02-20,16673184,0xC011a73ee8576Fb46F5E1c5751cA3B9Fe0af2a6F,dai,18,0.0,False
2023-02-21,16680299,0xC011a73ee8576Fb46F5E1c5751cA3B9Fe0af2a6F,dai,18,0.0,False
2023-02-22,16687395,0xC011a73ee8576Fb46F5E1c5751cA3B9Fe0af2a6F,dai,18,0.0,False
2023-02-23,16694513,0xC011a73ee8576Fb46F5E1c5751cA3B9Fe0af2a6F,dai,18,0.0,False
2023-02-24,16701598,0xC011a73ee8576Fb46F5E1c5751cA3B9Fe0af2a6F,dai,18,0.0,False
2023-02-25,16708710,0xC011a73ee8576Fb46F5E1c5751cA3B9Fe0af2a6F,dai,18,0.0,False
2023-02-26,16715829,0xC011a73ee8576Fb46F5E1c5751cA3B9Fe0af2a6F,dai,18,0.0,False
2023-02-27,16722962,0xC011a73ee8576Fb46F5E1c5751cA3B9Fe0af2a6F,dai,18,0.0,False
2023-02-28,16730071,0xC011a73ee8576Fb46F5E1c5751cA3B9Fe0af2a6F,dai,18,0.0,False
2023-03-01,16737189,0xC011a73ee8576Fb46F5E1c5751cA3B9Fe0af2a6F,dai,18,0.0,False
2023-03-02,16744288,0xC011a73ee8576Fb46F5E1c5751cA3B9Fe0af2a6F,dai,18,0.0,False
2023-03-03,16751387,0xC011a73ee8576Fb46F5E1c5751cA3B9Fe0af2a6F,dai,18,0.0,False
2023-03-04,16758495,0xC011a73ee8576Fb46F5E1c5751cA3B9Fe0af2a6F,dai,18,0.0,False
2023-03-05,16765615,0xC011a73ee8576Fb46F5E1c5751cA3B9Fe0af2a6F,dai,18,0.0,False
2023-03-06,16772727,0xC011a73ee8576Fb46F5E1c5751cA3B9Fe0af2a6F,dai,18,0.0,False
2023-03-07,16779843,0xC011a73ee8576Fb46F5E1c5751cA3B9Fe0af2a6F,dai,18,0.0,False
2023-03-08,16786948,0xC011a73ee8576Fb46F5E1c5751cA3B9Fe0af2a6F,dai,18,0.0,False
2023-03-09,16794061,0xC011a73ee8576Fb46F5E1c5751cA3B9Fe0af2a6F,dai,18,0.0,False
2023-03-10,16801143,0xC011a73ee8576Fb46F5E1c5751cA3B9Fe0af2a6F,dai,18,0.0,False
2023-03-11,16808257,0xC011a73ee8576Fb46F5E1c5751cA3B9Fe0af2a6F,dai,18,0.0,False
2023-03-12,16815366,0xC011a73ee8576Fb46F5E1c5751cA3B9Fe0af2a6F,dai,18,0.0,False
2023-03-13,16822491,0xC011a73ee8576Fb46F5E1c5751cA3B9Fe0af2a6F,dai,18,0.0,False
2023-03-14,16829609,0xC011a73ee8576Fb46F5E1c5751cA3B9Fe0af2a6F,dai,18,0.0,False
2023-03-15,16836710,0xC011a73ee8576Fb46F5E1c5751cA3B9Fe0af2a6F,dai,18,0.0,False
2023-03-16,16843829,0xC011a73ee8576Fb46F5E1c5751cA3B9Fe0af2a6F,dai,18,0.0,False
2023-03-17,16850945,0xC011a73ee8576Fb46F5E1c5751cA3B9Fe0af2a6F,dai,18,0.0,False
2023-03-18,16858066,0xC011a73ee8576Fb46F5E1c5751cA3B9Fe0af2a6F,dai,18,0.0,False
2023-03-19,16865180,0xC011a73ee8576Fb46F5E1c5751cA3B9Fe0af2a6F,dai,18,0.0,False
2023-03-20,16872312,0xC011a73ee8576Fb46F5E1c5751cA3B9Fe0af2a6F,dai,18,0.0,False
2023-03-21,16879427,0xC011a73ee8576Fb46F5E1c5751cA3B9Fe0af2a6F,dai,18,0.0,False
2023-03-22,16886552,0xC011a73ee8576Fb46F5E1c5751cA3B9Fe0af2a6F,dai,18,0.0,False
2023-03-23,16893656,0xC011a73ee8576Fb46F5E1c5751cA3B9Fe0af2a6F,dai,18,0.0,False
2023-03-24,16900777,0xC011a73ee8576Fb46F5E1c5751cA3B9Fe0af2a6F,dai,18,0.0,False
2023-03-25,16907899,0xC011a73ee8576Fb46F5E1c5751cA3B9Fe0af2a6F,dai,18,0.0,False
2023-03-26,16915021,0xC011a73ee8576Fb46F5E1c5751cA3B9Fe0af2a6F,dai,18,0.0,False
2023-03-27,16922136,0xC011a73ee8576Fb46F5E1c5751cA3B9Fe0af2a6F,dai,18,0.0,False
2023-03-28,16929247,0xC011a73ee8576Fb46F5E1c5751cA3B9Fe0af2a6F,dai,18,0.0,False
2023-03-29,16936360,0xC011a73ee8576Fb46F5E1c5751cA3B9Fe0af2a6F,dai,18,0.0,False
2023-03-30,16943478,0xC011a73ee8576Fb46F5E1c5751cA3B9Fe0af2a6F,dai,18,0.0,False
2023-04-01,16957716,0xC011a73ee8576Fb46F5E1c5751cA3B9Fe0af2a6F,dai,18,0.0,False
2023-04-02,16964815,0xC011a73ee8576Fb46F5E1c5751cA3B9Fe0af2a6F,dai,18,0.0,False
2023-04-03,16971893,0xC011a73ee8576Fb46F5E1c5751cA3B9Fe0af2a6F,dai,18,0.0,False
2023-04-04,16978914,0xC011a73ee8576Fb46F5E1c5751cA3B9Fe0af2a6F,dai,18,0.0,False
2023-04-05,16985956,0xC011a73ee8576Fb46F5E1c5751cA3B9Fe0af2a6F,dai,18,0.0,False
2023-04-06,16992951,0xC011a73ee8576Fb46F5E1c5751cA3B9Fe0af2a6F,dai,18,0.0,False
2023-04-07,17000009,0xC011a73ee8576Fb46F5E1c5751cA3B9Fe0af2a6F,dai,18,0.0,False
2023-04-08,17007071,0xC011a73ee8576Fb46F5E1c5751cA3B9Fe0af2a6F,dai,18,0.0,False
2023-04-09,17014116,0xC011a73ee8576Fb46F5E1c5751cA3B9Fe0af2a6F,dai,18,0.0,False
2023-04-10,17021180,0xC011a73ee8576Fb46F5E1c5751cA3B9Fe0af2a6F,dai,18,0.0,False
2023-04-11,17028241,0xC011a73ee8576Fb46F5E1c5751cA3B9Fe0af2a6F,dai,18,0.0,False
2023-04-12,17035257,0xC011a73ee8576Fb46F5E1c5751cA3B9Fe0af2a6F,dai,18,0.0,False
2023-04-13,17041765,0xC011a73ee8576Fb46F5E1c5751cA3B9Fe0af2a6F,dai,18,0.0,False
2023-04-14,17048771,0xC011a73ee8576Fb46F5E1c5751cA3B9Fe0af2a6F,dai,18,0.0,False
2023-04-15,17055791,0xC011a73ee8576Fb46F5E1c5751cA3B9Fe0af2a6F,dai,18,0.0,False
2023-04-16,17062833,0xC011a73ee8576Fb46F5E1c5751cA3B9Fe0af2a6F,dai,18,0.0,False
2023-04-17,17069898,0xC011a73ee8576Fb46F5E1c5751cA3B9Fe0af2a6F,dai,18,0.0,False
2023-04-18,17076966,0xC011a73ee8576Fb46F5E1c5751cA3B9Fe0af2a6F,dai,18,0.0,False
2023-04-19,17084047,0xC011a73ee8576Fb46F5E1c5751cA3B9Fe0af2a6F,dai,18,0.0,False
2023-04-20,17091074,0xC011a73ee8576Fb46F5E1c5751cA3B9Fe0af2a6F,dai,18,0.0,False
2023-04-21,17098172,0xC011a73ee8576Fb46F5E1c5751cA3B9Fe0af2a6F,dai,18,0.0,False
2023-04-22,17105309,0xC011a73ee8576Fb46F5E1c5751cA3B9Fe0af2a6F,dai,18,0.0,False
2023-04-23,17112440,0xC011a73ee8576Fb46F5E1c5751cA3B9Fe0af2a6F,dai,18,0.0,False
2023-04-24,17119571,0xC011a73ee8576Fb46F5E1c5751cA3B9Fe0af2a6F,dai,18,0.0,False
2023-04-25,17126694,0xC011a73ee8576Fb46F5E1c5751cA3B9Fe0af2a6F,dai,18,0.0,False
2023-04-26,17133819,0xC011a73ee8576Fb46F5E1c5751cA3B9Fe0af2a6F,dai,18,0.0,False
2023-04-27,17140929,0xC011a73ee8576Fb46F5E1c5751cA3B9Fe0af2a6F,dai,18,0.0,False
2023-04-28,17148050,0xC011a73ee8576Fb46F5E1c5751cA3B9Fe0af2a6F,dai,18,0.0,False
2023-04-29,17155163,0xC011a73ee8576Fb46F5E1c5751cA3B9Fe0af2a6F,dai,18,0.0,False
2023-04-30,17162286,0xC011a73ee8576Fb46F5E1c5751cA3B9Fe0af2a6F,dai,18,0.0,False
